-- This file is to bootstrap a database for the CS3200 project.

-- Create a new database.  You can change the name later.  You'll
-- need this name in the FLASK API file(s),  the AppSmith
-- data source creation.
create database IF NOT EXISTS FinanceAppDatabase;

-- Via the Docker Compose file, a special user called webapp will
-- be created in MySQL. We are going to grant that user
-- all privilages to the new database we just created.
-- TODO: If you changed the name of the database above, you need
-- to change it here too.
grant all privileges on FinanceAppDatabase.* to 'webapp'@'%';
flush privileges;

-- Move into the database we just created.
-- TODO: If you changed the name of the database above, you need to
-- change it here too.
use FinanceAppDatabase;

SET FOREIGN_KEY_CHECKS = 0;

-- Groups table
CREATE TABLE IF NOT EXISTS `Groups` (
    group_name VARCHAR(255) NOT NULL,
    group_id INT PRIMARY KEY AUTO_INCREMENT,
    admin_user_id INT NOT NULL
);

-- User table
CREATE TABLE IF NOT EXISTS Users (
    user_id INT PRIMARY KEY AUTO_INCREMENT,
    group_id INT,
    email VARCHAR(255) NOT NULL,
    first_name VARCHAR(50) NOT NULL,
    middle_name VARCHAR(50),
    last_name VARCHAR(50),
    password VARCHAR(255) NOT NULL,
    FOREIGN KEY (group_id) REFERENCES `Groups`(group_id) ON UPDATE CASCADE ON DELETE CASCADE
);

-- Store table
CREATE TABLE IF NOT EXISTS Stores (
    store_id INT PRIMARY KEY AUTO_INCREMENT,
    store_name VARCHAR(100) NOT NULL,
    zip_code VARCHAR(10) NOT NULL,
    street_address VARCHAR(255) NOT NULL,
    city VARCHAR(100) NOT NULL,
    state VARCHAR(100) NOT NULL,
    is_subscription BOOLEAN DEFAULT FALSE
);

-- Tag table
CREATE TABLE IF NOT EXISTS Tags (
    tag_id INT PRIMARY KEY AUTO_INCREMENT,
    tag_name VARCHAR(50) NOT NULL,
    user_id INT NOT NULL,
    FOREIGN KEY (user_id) REFERENCES Users(user_id) ON UPDATE CASCADE ON DELETE CASCADE
);

-- Categories table
CREATE TABLE IF NOT EXISTS Categories (
    category_id INT PRIMARY KEY AUTO_INCREMENT,
    category_name VARCHAR(50) NOT NULL UNIQUE,
    category_description VARCHAR(255) UNIQUE
);

-- Receipts table
CREATE TABLE IF NOT EXISTS Receipts (
    receipt_id INT PRIMARY KEY AUTO_INCREMENT,
    date DATE NOT NULL,
    total_amount DECIMAL(10,2) NOT NULL,
    user_id INT NOT NULL,
    store_id INT NOT NULL,
    tag_id INT,
    category_id INT,
    category_source VARCHAR(20) DEFAULT NULL,
    FOREIGN KEY (user_id) REFERENCES Users(user_id) ON UPDATE CASCADE ON DELETE CASCADE,
    FOREIGN KEY (store_id) REFERENCES Stores(store_id) ON UPDATE CASCADE ON DELETE CASCADE,
    FOREIGN KEY (tag_id) REFERENCES Tags(tag_id)  ON UPDATE CASCADE ON DELETE CASCADE,
    FOREIGN KEY (category_id) REFERENCES Categories(category_id)  ON UPDATE CASCADE ON DELETE CASCADE
);

-- Transactions table
CREATE TABLE IF NOT EXISTS Transactions (
    transaction_id INT PRIMARY KEY AUTO_INCREMENT,
    unit_cost DECIMAL(10,2) NOT NULL,
    quantity INT NOT NULL,
    receipt_id INT NOT NULL,
    item_name VARCHAR(100) NOT NULL,
    FOREIGN KEY (receipt_id) REFERENCES Receipts(receipt_id) ON UPDATE CASCADE ON DELETE CASCADE
);

-- Notifications table
CREATE TABLE IF NOT EXISTS Notifications (
    notification_id INT PRIMARY KEY AUTO_INCREMENT,
    `repeat` VARCHAR(50) NOT NULL,
    notification_time VARCHAR(255) NOT NULL,
    notification_date DATE NOT NULL,
    Message VARCHAR(255) NOT NULL,
    user_id INT NOT NULL,
    budget_id INT NOT NULL,
    FOREIGN KEY (user_id) REFERENCES Users(user_id) ON UPDATE CASCADE ON DELETE CASCADE

);
-- Spending goals table
CREATE TABLE IF NOT EXISTS Spending_goals (
    goal_id INT PRIMARY KEY AUTO_INCREMENT,
    current_amount DECIMAL(10,2) NOT NULL,
    target_amount DECIMAL(10,2) NOT NULL,
    Month VARCHAR(10) NOT NULL,
    user_id INT NOT NULL,
    notification_id INT,
    FOREIGN KEY (user_id) REFERENCES Users(user_id) ON UPDATE CASCADE ON DELETE CASCADE,
    FOREIGN KEY (notification_id) REFERENCES Notifications(notification_id) ON UPDATE CASCADE
                           ON DELETE CASCADE
);

-- Budget table
CREATE TABLE IF NOT EXISTS Budgets (
    budget_id INT PRIMARY KEY AUTO_INCREMENT,
    amount DECIMAL(10,2) NOT NULL,
    start_date DATE NOT NULL,
    end_date DATE NOT NULL,
    notification_threshold DECIMAL(10,2),
    category_id INT,
    notification_id INT,
    user_id INT NOT NULL,
    FOREIGN KEY (category_id) REFERENCES Categories(category_id) ON UPDATE CASCADE ON DELETE CASCADE,
    FOREIGN KEY (notification_id) REFERENCES Notifications(notification_id) ON UPDATE CASCADE
                           ON DELETE CASCADE,
    FOREIGN KEY (user_id) REFERENCES Users( user_id) ON UPDATE CASCADE ON DELETE CASCADE
);

-- Seed data generation for the database

-- Groups for demo users
INSERT INTO `Groups` (group_name, admin_user_id)
VALUES
('Work', 1),
('College Mates', 2),
('Family', 3),
('Retirees', 4),
('Freelancers', 5);

-- Demo users with hashed passwords
INSERT INTO Users (group_id, email, first_name, middle_name, last_name, password)
VALUES
(1, 'sophia@example.com', 'Sophia', NULL, NULL, 'scrypt:32768:8:1$PxPoUSYUBDPLxDk2$56e9fa53c55ad07c5d03f0f75d7d952809545cf73cbb7198dad4908e5e3421c91017f4b0c51e90c493f0dd505bfceb32b24cdd75653fab3f7125bd1cdc5085db'),
(2, 'david@example.edu', 'David', NULL, NULL, 'scrypt:32768:8:1$bD7POKqpqI407GjV$89b23c4254e765602a75ab4edd0b513e70e954fada527aa40121c40ab66a1b39b955bc0b972c25a30b923cf0c942edc992534798419a1793f9124386f2bfa9ac'),
(3, 'maria@example.com', 'Maria', NULL, NULL, 'scrypt:32768:8:1$ZCOsFwJ3g5wN01HF$86c8487b073769db10d741c4ded857f86f4d12fa448c2f2901409fe4b87bfd422c199b232107371da1126032b2ed22a155d2d634cdbce2199a2cd761c1d6c3d6'),
(4, 'john@example.com', 'John', NULL, NULL, 'scrypt:32768:8:1$d99gQUiQ81DfgFsD$2e7c6e86a8e60c1e822e1f3459214ed53d92dcb70c16963fffa26008bbeb6437e992d68bae6f7bae56c9799021b8453553111d001399dff92e1ab0a3bd71abdd'),
(5, 'alex@example.com', 'Alex', NULL, NULL, 'scrypt:32768:8:1$QjtLRiaF3uuTpGhg$78c581fa51e85607c947875361e2b4f463983cdbd75306be6ccb279952d3087ba415c6bfaf9383902e891bfafd1137b52a3fbe1591b089c537f7eb13a71cfee6');


-- Boston-area stores (groceries, restaurants, cafes, shops, gyms, pharmacies)
INSERT INTO Stores (store_name, zip_code, street_address, city, state)
VALUES
('Star Market', '02116', '53 Huntington Ave', 'Boston', 'MA'),
('Star Market', '02144', '275 Beacon St', 'Somerville', 'MA'),
('Star Market', '02139', '49 White St', 'Cambridge', 'MA'),
('Trader Joe''s', '02139', '748 Memorial Dr', 'Cambridge', 'MA'),
('Trader Joe''s', '02446', '1317 Beacon St', 'Brookline', 'MA'),
('Trader Joe''s', '02134', '1427 Commonwealth Ave', 'Allston', 'MA'),
('Trader Joe''s', '02116', '899 Boylston St', 'Boston', 'MA'),
('Whole Foods', '02139', '340 River St', 'Cambridge', 'MA'),
('Whole Foods', '02114', '181 Cambridge St', 'Boston', 'MA'),
('Whole Foods', '02115', '15 Westland Ave', 'Boston', 'MA'),
('Whole Foods', '02118', '348 Harrison Ave', 'Boston', 'MA'),
('Market Basket', '02145', '400 Somerville Ave', 'Somerville', 'MA'),
('Stop & Shop', '02215', '60 Boylston St', 'Boston', 'MA'),
('Stop & Shop', '02143', '779 McGrath Hwy', 'Somerville', 'MA'),
('H Mart', '02139', '581 Massachusetts Ave', 'Cambridge', 'MA'),
('Giacomo''s Restaurant', '02113', '355 Hanover St', 'Boston', 'MA'),
('Regina Pizzeria', '02113', '11 Thacher St', 'Boston', 'MA'),
('Mike''s Pastry', '02113', '300 Hanover St', 'Boston', 'MA'),
('Flour Bakery', '02139', '190 Massachusetts Ave', 'Cambridge', 'MA'),
('Tatte Bakery', '02138', '1288 Massachusetts Ave', 'Cambridge', 'MA'),
('Alden & Harlow', '02138', '40 Brattle St', 'Cambridge', 'MA'),
('Row 34', '02210', '383 Congress St', 'Boston', 'MA'),
('Legal Sea Foods', '02210', '270 Northern Ave', 'Boston', 'MA'),
('Atlantic Fish Co', '02116', '761 Boylston St', 'Boston', 'MA'),
('The Salty Pig', '02116', '130 Dartmouth St', 'Boston', 'MA'),
('Neighborhood Restaurant', '02143', '25 Bow St', 'Somerville', 'MA'),
('Bronwyn', '02143', '255 Washington St', 'Somerville', 'MA'),
('Deep Ellum', '02134', '477 Cambridge St', 'Allston', 'MA'),
('Seoul Kitchen', '02134', '179 Brighton Ave', 'Allston', 'MA'),
('Stephanie''s on Newbury', '02116', '190 Newbury St', 'Boston', 'MA'),
('The Paramount', '02114', '44 Charles St', 'Boston', 'MA'),
('Charlie''s Kitchen', '02138', '10 Eliot St', 'Cambridge', 'MA'),
('The Hourly Oyster House', '02215', '1446 Commonwealth Ave', 'Boston', 'MA'),
('Sweetgreen', '02116', '659 Boylston St', 'Boston', 'MA'),
('Pavement Coffeehouse', '02116', '286 Newbury St', 'Boston', 'MA'),
('Thinking Cup', '02108', '165 Tremont St', 'Boston', 'MA'),
('Render Coffee', '02116', '563 Columbus Ave', 'Boston', 'MA'),
('Cafe Algiers', '02138', '40 Brattle St', 'Cambridge', 'MA'),
('Plough & Stars', '02139', '912 Massachusetts Ave', 'Cambridge', 'MA'),
('The Bebop', '02116', '1116 Boylston St', 'Boston', 'MA'),
('Target', '02144', '180 Somerville Ave', 'Somerville', 'MA'),
('Target', '02215', '1345 Boylston St', 'Boston', 'MA'),
('Target', '02139', '180 Msgr O''Brien Hwy', 'Cambridge', 'MA'),
('Best Buy', '02134', '434 Cambridge St', 'Allston', 'MA'),
('Barnes & Noble', '02215', '660 Beacon St', 'Boston', 'MA'),
('Newbury Comics', '02215', '332 Newbury St', 'Boston', 'MA'),
('Urban Outfitters', '02116', '361 Newbury St', 'Boston', 'MA'),
('Uniqlo', '02116', '341 Newbury St', 'Boston', 'MA'),
('The Coop', '02138', '1400 Massachusetts Ave', 'Cambridge', 'MA'),
('Northeastern University Bookstore', '02115', '360 Huntington Ave', 'Boston', 'MA'),
('Equinox', '02116', '4 Avery St', 'Boston', 'MA'),
('Boston Sports Club', '02116', '201 Stuart St', 'Boston', 'MA'),
('Planet Fitness', '02215', '234 Newbury St', 'Boston', 'MA'),
('Cambridge Athletic Club', '02138', '215 First St', 'Cambridge', 'MA'),
('CVS Pharmacy', '02116', '587 Boylston St', 'Boston', 'MA'),
('CVS Pharmacy', '02139', '625 Massachusetts Ave', 'Cambridge', 'MA'),
('CVS Pharmacy', '02144', '230 Elm St', 'Somerville', 'MA'),
('Walgreens', '02115', '841 Boylston St', 'Boston', 'MA'),
('Walgreens', '02138', '1426 Massachusetts Ave', 'Cambridge', 'MA'),
('Walgreens', '02446', '1354 Beacon St', 'Brookline', 'MA'),
('AMC Boston Common', '02116', '175 Tremont St', 'Boston', 'MA'),
('Coolidge Corner Theatre', '02446', '290 Harvard St', 'Brookline', 'MA'),
('Fenway Park', '02215', '4 Yawkey Way', 'Boston', 'MA'),
('Shell Gas Station', '02139', '945 Massachusetts Ave', 'Cambridge', 'MA'),
('Exxon', '02116', '234 Stuart St', 'Boston', 'MA'),
('MBTA CharlieCard', '02116', '700 Atlantic Ave', 'Boston', 'MA'),
('Bright Horizons Daycare', '02143', '10 College Ave', 'Somerville', 'MA'),
('Comcast Xfinity', '02139', '1 Kendall Sq', 'Cambridge', 'MA'),
('Verizon', '02116', '800 Boylston St', 'Boston', 'MA'),
('National Grid', '02116', '40 Sylvan Rd', 'Boston', 'MA'),
('Blue Cross Blue Shield', '02116', '101 Huntington Ave', 'Boston', 'MA'),
('Copley Place', '02116', '100 Huntington Ave', 'Boston', 'MA'),
('Prudential Center', '02199', '800 Boylston St', 'Boston', 'MA'),
('Assembly Row', '02145', '355 Artisan Way', 'Somerville', 'MA'),
('The Shops at Chestnut Hill', '02467', '199 Boylston St', 'Chestnut Hill', 'MA');

UPDATE Stores SET is_subscription = TRUE WHERE store_name IN (
    'Equinox', 'Planet Fitness', 'Boston Sports Club', 'Cambridge Athletic Club',
    'Comcast Xfinity', 'Verizon', 'National Grid', 'Blue Cross Blue Shield',
    'Bright Horizons Daycare'
);

-- Tags for demo users
INSERT INTO Tags (tag_name, user_id)
VALUES
('Groceries', 1),
('Dining Out', 1),
('Commute', 1),
('Textbooks', 2),
('Campus Food', 2),
('Family Groceries', 3),
('Childcare', 3),
('Kids Clothes', 3),
('Medical', 4),
('Fine Dining', 4),
('Freelance Expenses', 5),
('Coffee Runs', 5);

INSERT INTO Categories (category_name, category_description)
VALUES
('Food & Drink', 'Expenses for groceries, restaurants, cafes, and beverages'),
('Shopping', 'Expenses for clothing, electronics, household items, and general retail'),
('Entertainment', 'Expenses for streaming, movies, games, hobbies, and leisure activities'),
('Transportation', 'Expenses for gas, public transit, rideshares, and vehicle maintenance'),
('Health', 'Expenses for medical care, prescriptions, fitness, and personal wellness'),
('Travel', 'Expenses for flights, hotels, vacations, and trip-related costs'),
('Services', 'Expenses for utilities, insurance, subscriptions, rent, and professional services');

-- Receipts for 5 demo users across Jan 2023 - Dec 2024
INSERT INTO Receipts (date, total_amount, user_id, store_id, tag_id, category_id)
VALUES
('2023-01-01', 83.61, 1, 1, 1, 1),
('2023-01-01', 5.97, 1, 37, 1, 1),
('2023-01-03', 29.17, 1, 40, 3, 3),
('2023-01-04', 9.72, 1, 55, 5, 5),
('2023-01-07', 4.71, 1, 37, 1, 1),
('2023-01-08', 60.59, 1, 1, 1, 1),
('2023-01-11', 185.56, 1, 51, 5, 5),
('2023-01-15', 15.21, 1, 34, 1, 1),
('2023-01-19', 47.68, 1, 16, 1, 1),
('2023-01-21', 6.51, 1, 36, 1, 1),
('2023-01-22', 83.58, 1, 10, 1, 1),
('2023-01-24', 100.27, 1, 69, 7, 7),
('2023-01-28', 57.20, 1, 66, 4, 4),
('2023-02-03', 37.31, 1, 61, 3, 3),
('2023-02-05', 16.02, 1, 55, 5, 5),
('2023-02-06', 48.16, 1, 24, 1, 1),
('2023-02-06', 6.21, 1, 35, 1, 1),
('2023-02-06', 5.92, 1, 36, 1, 1),
('2023-02-07', 193.11, 1, 51, 5, 5),
('2023-02-08', 89.81, 1, 1, 1, 1),
('2023-02-08', 18.20, 1, 19, 1, 1),
('2023-02-08', 129.85, 1, 69, 7, 7),
('2023-02-09', 51.90, 1, 25, 1, 1),
('2023-02-09', 6.89, 1, 37, 1, 1),
('2023-02-09', 43.15, 1, 73, 2, 2),
('2023-02-21', 4.34, 1, 37, 1, 1),
('2023-02-21', 6.84, 1, 35, 1, 1),
('2023-02-23', 61.32, 1, 10, 1, 1),
('2023-02-24', 69.23, 1, 66, 4, 4),
('2023-02-27', 17.71, 1, 34, 1, 1),
('2023-02-28', 67.93, 1, 1, 1, 1),
('2023-03-05', 14.95, 1, 34, 1, 1),
('2023-03-05', 111.29, 1, 69, 7, 7),
('2023-03-08', 9.64, 1, 55, 5, 5),
('2023-03-09', 79.38, 1, 16, 1, 1),
('2023-03-09', 8.43, 1, 35, 1, 1),
('2023-03-13', 87.22, 1, 1, 1, 1),
('2023-03-14', 87.25, 1, 1, 1, 1),
('2023-03-14', 4.95, 1, 35, 1, 1),
('2023-03-16', 180.39, 1, 51, 5, 5),
('2023-03-17', 8.18, 1, 37, 1, 1),
('2023-03-17', 43.26, 1, 40, 3, 3),
('2023-03-21', 68.59, 1, 10, 1, 1),
('2023-03-22', 67.48, 1, 25, 1, 1),
('2023-03-24', 64.30, 1, 66, 4, 4),
('2023-03-25', 63.70, 1, 16, 1, 1),
('2023-03-27', 17.47, 1, 34, 1, 1),
('2023-03-31', 7.36, 1, 37, 1, 1),
('2023-04-03', 6.81, 1, 36, 1, 1),
('2023-04-08', 4.53, 1, 37, 1, 1),
('2023-04-11', 36.05, 1, 24, 1, 1),
('2023-04-12', 61.18, 1, 66, 4, 4),
('2023-04-15', 70.45, 1, 1, 1, 1),
('2023-04-21', 81.80, 1, 10, 1, 1),
('2023-04-21', 4.76, 1, 35, 1, 1),
('2023-04-22', 6.68, 1, 37, 1, 1),
('2023-04-22', 110.94, 1, 69, 7, 7),
('2023-04-23', 79.03, 1, 10, 1, 1),
('2023-04-24', 21.36, 1, 19, 1, 1),
('2023-04-26', 188.14, 1, 51, 5, 5),
('2023-04-29', 4.64, 1, 36, 1, 1),
('2023-05-02', 70.99, 1, 16, 1, 1),
('2023-05-06', 6.65, 1, 36, 1, 1),
('2023-05-07', 8.81, 1, 35, 1, 1),
('2023-05-08', 77.30, 1, 10, 1, 1),
('2023-05-09', 90.11, 1, 1, 1, 1),
('2023-05-10', 50.89, 1, 66, 4, 4),
('2023-05-13', 12.62, 1, 19, 1, 1),
('2023-05-14', 193.93, 1, 51, 5, 5),
('2023-05-15', 74.87, 1, 1, 1, 1),
('2023-05-17', 49.54, 1, 61, 3, 3),
('2023-05-24', 84.28, 1, 1, 1, 1),
('2023-05-24', 92.25, 1, 69, 7, 7),
('2023-05-26', 81.97, 1, 16, 1, 1),
('2023-05-30', 8.29, 1, 35, 1, 1),
('2023-05-30', 140.79, 1, 72, 2, 2),
('2023-06-03', 100.95, 1, 10, 1, 1),
('2023-06-04', 462.24, 1, 92, 6, 6),
('2023-06-08', 70.34, 1, 16, 1, 1),
('2023-06-09', 6.91, 1, 37, 1, 1),
('2023-06-12', 54.25, 1, 66, 4, 4),
('2023-06-15', 20.03, 1, 34, 1, 1),
('2023-06-17', 75.47, 1, 1, 1, 1),
('2023-06-17', 185.30, 1, 51, 5, 5),
('2023-06-20', 43.01, 1, 25, 1, 1),
('2023-06-20', 129.11, 1, 69, 7, 7),
('2023-06-21', 6.43, 1, 36, 1, 1),
('2023-06-28', 83.14, 1, 1, 1, 1),
('2023-06-30', 52.84, 1, 25, 1, 1),
('2023-06-30', 8.67, 1, 35, 1, 1),
('2023-06-30', 42.04, 1, 61, 3, 3),
('2023-07-01', 6.90, 1, 35, 1, 1),
('2023-07-07', 112.51, 1, 69, 7, 7),
('2023-07-09', 121.60, 1, 1, 1, 1),
('2023-07-10', 106.05, 1, 10, 1, 1),
('2023-07-10', 58.23, 1, 66, 4, 4),
('2023-07-11', 85.29, 1, 10, 1, 1),
('2023-07-18', 13.91, 1, 34, 1, 1),
('2023-07-19', 191.05, 1, 51, 5, 5),
('2023-07-21', 64.61, 1, 25, 1, 1),
('2023-07-21', 10.25, 1, 35, 1, 1),
('2023-07-24', 7.46, 1, 37, 1, 1),
('2023-07-25', 39.79, 1, 40, 3, 3),
('2023-07-28', 88.41, 1, 1, 1, 1),
('2023-07-31', 23.96, 1, 34, 1, 1),
('2023-08-01', 80.38, 1, 1, 1, 1),
('2023-08-02', 45.42, 1, 66, 4, 4),
('2023-08-08', 5.94, 1, 36, 1, 1),
('2023-08-08', 5.07, 1, 35, 1, 1),
('2023-08-09', 47.26, 1, 16, 1, 1),
('2023-08-11', 16.26, 1, 34, 1, 1),
('2023-08-12', 6.46, 1, 35, 1, 1),
('2023-08-22', 173.51, 1, 73, 2, 2),
('2023-08-24', 118.25, 1, 70, 7, 7),
('2023-08-26', 111.63, 1, 1, 1, 1),
('2023-08-26', 75.34, 1, 24, 1, 1),
('2023-08-28', 5.14, 1, 36, 1, 1),
('2023-08-29', 369.25, 1, 94, 6, 6),
('2023-08-30', 117.53, 1, 1, 1, 1),
('2023-08-31', 21.71, 1, 19, 1, 1),
('2023-08-31', 180.55, 1, 51, 5, 5),
('2023-09-05', 5.63, 1, 37, 1, 1),
('2023-09-07', 55.87, 1, 16, 1, 1),
('2023-09-08', 45.39, 1, 61, 3, 3),
('2023-09-10', 7.88, 1, 36, 1, 1),
('2023-09-10', 15.61, 1, 19, 1, 1),
('2023-09-13', 8.02, 1, 37, 1, 1),
('2023-09-13', 7.93, 1, 35, 1, 1),
('2023-09-15', 97.67, 1, 73, 2, 2),
('2023-09-17', 189.46, 1, 51, 5, 5),
('2023-09-17', 73.19, 1, 66, 4, 4),
('2023-09-20', 7.41, 1, 36, 1, 1),
('2023-09-22', 85.09, 1, 25, 1, 1),
('2023-09-22', 81.27, 1, 25, 1, 1),
('2023-09-23', 88.85, 1, 10, 1, 1),
('2023-09-24', 112.68, 1, 10, 1, 1),
('2023-09-27', 127.36, 1, 69, 7, 7),
('2023-09-30', 106.36, 1, 10, 1, 1),
('2023-10-02', 76.02, 1, 1, 1, 1),
('2023-10-07', 70.92, 1, 30, 1, 1),
('2023-10-08', 5.29, 1, 37, 1, 1),
('2023-10-08', 8.63, 1, 35, 1, 1),
('2023-10-09', 195.04, 1, 51, 5, 5),
('2023-10-11', 124.12, 1, 69, 7, 7),
('2023-10-15', 83.65, 1, 10, 1, 1),
('2023-10-15', 5.10, 1, 36, 1, 1),
('2023-10-16', 54.98, 1, 24, 1, 1),
('2023-10-17', 6.59, 1, 37, 1, 1),
('2023-10-20', 103.24, 1, 1, 1, 1),
('2023-10-20', 20.15, 1, 19, 1, 1),
('2023-10-21', 69.38, 1, 16, 1, 1),
('2023-10-21', 16.85, 1, 58, 5, 5),
('2023-10-23', 54.29, 1, 66, 4, 4),
('2023-10-29', 59.10, 1, 72, 2, 2),
('2023-10-31', 19.55, 1, 19, 1, 1),
('2023-11-01', 17.48, 1, 19, 1, 1),
('2023-11-02', 49.88, 1, 30, 1, 1),
('2023-11-05', 83.34, 1, 66, 4, 4),
('2023-11-08', 90.46, 1, 1, 1, 1),
('2023-11-09', 95.85, 1, 69, 7, 7),
('2023-11-10', 8.68, 1, 36, 1, 1),
('2023-11-11', 29.49, 1, 40, 3, 3),
('2023-11-13', 88.27, 1, 16, 1, 1),
('2023-11-13', 7.31, 1, 36, 1, 1),
('2023-11-14', 87.88, 1, 1, 1, 1),
('2023-11-16', 6.04, 1, 36, 1, 1),
('2023-11-18', 8.65, 1, 37, 1, 1),
('2023-11-23', 82.09, 1, 1, 1, 1),
('2023-11-24', 15.02, 1, 19, 1, 1),
('2023-11-26', 7.94, 1, 35, 1, 1),
('2023-11-30', 187.88, 1, 51, 5, 5),
('2023-12-01', 123.38, 1, 1, 1, 1),
('2023-12-09', 128.21, 1, 1, 1, 1),
('2023-12-15', 23.74, 1, 19, 1, 1),
('2023-12-16', 9.39, 1, 37, 1, 1),
('2023-12-20', 6.48, 1, 35, 1, 1),
('2023-12-25', 134.76, 1, 1, 1, 1),
('2023-12-25', 103.58, 1, 16, 1, 1),
('2023-12-25', 196.39, 1, 51, 5, 5),
('2023-12-30', 55.60, 1, 66, 4, 4),
('2023-12-31', 100.94, 1, 10, 1, 1),
('2023-12-31', 7.02, 1, 35, 1, 1),
('2023-12-31', 114.33, 1, 69, 7, 7),
('2024-01-01', 65.86, 1, 30, 1, 1),
('2024-01-01', 189.89, 1, 51, 5, 5),
('2024-01-04', 48.17, 1, 25, 1, 1),
('2024-01-05', 5.49, 1, 37, 1, 1),
('2024-01-07', 57.74, 1, 66, 4, 4),
('2024-01-09', 17.69, 1, 34, 1, 1),
('2024-01-09', 123.42, 1, 70, 7, 7),
('2024-01-11', 17.44, 1, 34, 1, 1),
('2024-01-12', 75.63, 1, 10, 1, 1),
('2024-01-12', 57.89, 1, 10, 1, 1),
('2024-01-17', 7.52, 1, 36, 1, 1),
('2024-01-19', 96.25, 1, 72, 2, 2),
('2024-01-20', 6.92, 1, 37, 1, 1),
('2024-01-25', 5.67, 1, 36, 1, 1),
('2024-01-26', 92.88, 1, 1, 1, 1),
('2024-01-28', 81.42, 1, 1, 1, 1),
('2024-01-29', 6.99, 1, 37, 1, 1),
('2024-02-01', 113.94, 1, 69, 7, 7),
('2024-02-02', 44.19, 1, 40, 3, 3),
('2024-02-03', 68.27, 1, 1, 1, 1),
('2024-02-08', 11.89, 1, 34, 1, 1),
('2024-02-10', 41.47, 1, 24, 1, 1),
('2024-02-10', 51.37, 1, 66, 4, 4),
('2024-02-11', 11.88, 1, 34, 1, 1),
('2024-02-15', 67.18, 1, 16, 1, 1),
('2024-02-16', 80.98, 1, 1, 1, 1),
('2024-02-18', 6.20, 1, 36, 1, 1),
('2024-02-22', 6.41, 1, 36, 1, 1),
('2024-02-23', 77.78, 1, 10, 1, 1),
('2024-02-23', 5.89, 1, 36, 1, 1),
('2024-02-24', 6.28, 1, 36, 1, 1),
('2024-02-24', 189.68, 1, 51, 5, 5),
('2024-03-04', 99.06, 1, 10, 1, 1),
('2024-03-05', 7.74, 1, 36, 1, 1),
('2024-03-06', 79.11, 1, 25, 1, 1),
('2024-03-08', 12.53, 1, 19, 1, 1),
('2024-03-10', 81.82, 1, 1, 1, 1),
('2024-03-10', 27.59, 1, 55, 5, 5),
('2024-03-13', 6.38, 1, 37, 1, 1),
('2024-03-15', 198.17, 1, 51, 5, 5),
('2024-03-21', 98.88, 1, 1, 1, 1),
('2024-03-21', 7.21, 1, 35, 1, 1),
('2024-03-22', 79.47, 1, 69, 7, 7),
('2024-03-31', 74.18, 1, 16, 1, 1),
('2024-03-31', 78.14, 1, 66, 4, 4),
('2024-04-01', 83.38, 1, 10, 1, 1),
('2024-04-03', 4.77, 1, 36, 1, 1),
('2024-04-03', 184.58, 1, 51, 5, 5),
('2024-04-05', 8.59, 1, 35, 1, 1),
('2024-04-08', 77.96, 1, 1, 1, 1),
('2024-04-09', 17.00, 1, 19, 1, 1),
('2024-04-14', 40.74, 1, 24, 1, 1),
('2024-04-15', 7.60, 1, 37, 1, 1),
('2024-04-15', 12.80, 1, 34, 1, 1),
('2024-04-17', 72.58, 1, 66, 4, 4),
('2024-04-19', 9.49, 1, 55, 5, 5),
('2024-04-19', 98.97, 1, 70, 7, 7),
('2024-04-20', 86.15, 1, 1, 1, 1),
('2024-04-20', 7.87, 1, 37, 1, 1),
('2024-04-24', 78.68, 1, 72, 2, 2),
('2024-04-28', 57.70, 1, 24, 1, 1),
('2024-04-30', 48.23, 1, 24, 1, 1),
('2024-04-30', 5.80, 1, 35, 1, 1),
('2024-05-01', 22.82, 1, 34, 1, 1),
('2024-05-02', 60.63, 1, 25, 1, 1),
('2024-05-02', 5.61, 1, 36, 1, 1),
('2024-05-09', 53.72, 1, 30, 1, 1),
('2024-05-09', 7.32, 1, 36, 1, 1),
('2024-05-10', 99.56, 1, 1, 1, 1),
('2024-05-11', 87.70, 1, 1, 1, 1),
('2024-05-12', 87.54, 1, 1, 1, 1),
('2024-05-15', 8.32, 1, 35, 1, 1),
('2024-05-17', 41.67, 1, 40, 3, 3),
('2024-05-18', 180.27, 1, 51, 5, 5),
('2024-05-20', 8.30, 1, 37, 1, 1),
('2024-05-21', 120.77, 1, 70, 7, 7),
('2024-05-22', 73.19, 1, 1, 1, 1),
('2024-05-27', 85.65, 1, 66, 4, 4),
('2024-05-28', 63.77, 1, 16, 1, 1),
('2024-05-28', 7.29, 1, 36, 1, 1),
('2024-05-29', 19.93, 1, 34, 1, 1),
('2024-06-01', 44.31, 1, 40, 3, 3),
('2024-06-02', 46.31, 1, 66, 4, 4),
('2024-06-05', 90.49, 1, 10, 1, 1),
('2024-06-16', 83.56, 1, 10, 1, 1),
('2024-06-16', 6.66, 1, 37, 1, 1),
('2024-06-17', 108.44, 1, 1, 1, 1),
('2024-06-19', 9.89, 1, 36, 1, 1),
('2024-06-19', 17.41, 1, 19, 1, 1),
('2024-06-22', 41.05, 1, 55, 5, 5),
('2024-06-24', 189.46, 1, 51, 5, 5),
('2024-06-25', 7.64, 1, 36, 1, 1),
('2024-06-27', 38.64, 1, 25, 1, 1),
('2024-06-28', 74.96, 1, 1, 1, 1),
('2024-06-28', 5.69, 1, 37, 1, 1),
('2024-06-28', 121.48, 1, 69, 7, 7),
('2024-06-30', 81.82, 1, 25, 1, 1),
('2024-06-30', 6.54, 1, 35, 1, 1),
('2024-07-04', 9.11, 1, 37, 1, 1),
('2024-07-06', 79.34, 1, 70, 7, 7),
('2024-07-08', 9.04, 1, 36, 1, 1),
('2024-07-11', 107.00, 1, 1, 1, 1),
('2024-07-11', 195.92, 1, 51, 5, 5),
('2024-07-12', 27.53, 1, 55, 5, 5),
('2024-07-15', 15.71, 1, 19, 1, 1),
('2024-07-16', 115.19, 1, 1, 1, 1),
('2024-07-19', 74.09, 1, 66, 4, 4),
('2024-07-21', 78.91, 1, 1, 1, 1),
('2024-07-21', 81.58, 1, 30, 1, 1),
('2024-07-21', 8.72, 1, 36, 1, 1),
('2024-07-28', 70.93, 1, 25, 1, 1),
('2024-07-28', 71.36, 1, 16, 1, 1),
('2024-08-01', 23.96, 1, 19, 1, 1),
('2024-08-03', 62.80, 1, 25, 1, 1),
('2024-08-04', 6.12, 1, 37, 1, 1),
('2024-08-07', 9.90, 1, 36, 1, 1),
('2024-08-09', 104.51, 1, 1, 1, 1),
('2024-08-09', 13.29, 1, 34, 1, 1),
('2024-08-10', 8.11, 1, 36, 1, 1),
('2024-08-12', 7.80, 1, 37, 1, 1),
('2024-08-15', 103.08, 1, 1, 1, 1),
('2024-08-20', 196.04, 1, 51, 5, 5),
('2024-08-22', 77.78, 1, 66, 4, 4),
('2024-08-23', 6.19, 1, 36, 1, 1),
('2024-08-26', 33.47, 1, 40, 3, 3),
('2024-08-27', 163.35, 1, 72, 2, 2),
('2024-08-29', 85.74, 1, 10, 1, 1),
('2024-08-29', 109.51, 1, 69, 7, 7),
('2024-08-30', 100.37, 1, 1, 1, 1),
('2024-09-03', 20.90, 1, 34, 1, 1),
('2024-09-09', 84.74, 1, 30, 1, 1),
('2024-09-09', 18.23, 1, 19, 1, 1),
('2024-09-14', 76.55, 1, 1, 1, 1),
('2024-09-15', 9.27, 1, 35, 1, 1),
('2024-09-16', 41.25, 1, 66, 4, 4),
('2024-09-17', 84.71, 1, 24, 1, 1),
('2024-09-21', 78.48, 1, 70, 7, 7),
('2024-09-21', 30.75, 1, 61, 3, 3),
('2024-09-22', 136.38, 1, 72, 2, 2),
('2024-09-24', 7.91, 1, 36, 1, 1),
('2024-09-25', 9.29, 1, 37, 1, 1),
('2024-09-26', 93.74, 1, 1, 1, 1),
('2024-09-26', 52.24, 1, 25, 1, 1),
('2024-09-27', 192.77, 1, 51, 5, 5),
('2024-09-30', 82.19, 1, 10, 1, 1),
('2024-10-02', 7.61, 1, 35, 1, 1),
('2024-10-02', 15.98, 1, 34, 1, 1),
('2024-10-03', 193.26, 1, 51, 5, 5),
('2024-10-04', 69.37, 1, 10, 1, 1),
('2024-10-05', 82.49, 1, 1, 1, 1),
('2024-10-08', 89.44, 1, 66, 4, 4),
('2024-10-15', 6.50, 1, 35, 1, 1),
('2024-10-18', 21.02, 1, 19, 1, 1),
('2024-10-19', 72.11, 1, 24, 1, 1),
('2024-10-20', 6.34, 1, 36, 1, 1),
('2024-10-27', 117.08, 1, 69, 7, 7),
('2024-10-28', 6.13, 1, 37, 1, 1),
('2024-10-29', 55.74, 1, 16, 1, 1),
('2024-10-31', 66.67, 1, 1, 1, 1),
('2024-10-31', 72.16, 1, 30, 1, 1),
('2024-11-01', 85.23, 1, 1, 1, 1),
('2024-11-05', 98.24, 1, 1, 1, 1),
('2024-11-09', 5.21, 1, 37, 1, 1),
('2024-11-11', 109.83, 1, 10, 1, 1),
('2024-11-12', 8.86, 1, 35, 1, 1),
('2024-11-15', 34.98, 1, 55, 5, 5),
('2024-11-16', 18.13, 1, 19, 1, 1),
('2024-11-16', 82.36, 1, 66, 4, 4),
('2024-11-16', 114.18, 1, 70, 7, 7),
('2024-11-17', 14.45, 1, 34, 1, 1),
('2024-11-17', 184.43, 1, 51, 5, 5),
('2024-11-19', 6.55, 1, 35, 1, 1),
('2024-11-22', 86.15, 1, 24, 1, 1),
('2024-12-03', 196.64, 1, 51, 5, 5),
('2024-12-04', 10.42, 1, 37, 1, 1),
('2024-12-04', 44.44, 1, 58, 5, 5),
('2024-12-05', 96.72, 1, 10, 1, 1),
('2024-12-11', 115.47, 1, 1, 1, 1),
('2024-12-11', 20.33, 1, 19, 1, 1),
('2024-12-14', 94.45, 1, 70, 7, 7),
('2024-12-17', 81.59, 1, 16, 1, 1),
('2024-12-18', 43.00, 1, 66, 4, 4),
('2024-12-19', 112.10, 1, 1, 1, 1),
('2024-12-20', 76.91, 1, 30, 1, 1),
('2024-12-20', 330.45, 1, 92, 6, 6),
('2024-12-27', 8.18, 1, 36, 1, 1),
('2024-12-28', 6.83, 1, 36, 1, 1),
('2024-12-29', 9.95, 1, 37, 1, 1),
('2024-12-29', 6.91, 1, 36, 1, 1),
('2024-12-31', 72.90, 1, 72, 2, 2),
('2023-01-01', 4.79, 2, 38, 1, 1),
('2023-01-03', 50.88, 2, 50, 2, 2),
('2023-01-05', 49.29, 2, 6, 1, 1),
('2023-01-06', 3.79, 2, 35, 1, 1),
('2023-01-12', 13.14, 2, 42, 2, 2),
('2023-01-15', 11.49, 2, 56, 5, 5),
('2023-01-20', 4.98, 2, 38, 1, 1),
('2023-01-24', 17.96, 2, 53, 5, 5),
('2023-01-24', 49.46, 2, 66, 4, 4),
('2023-01-25', 10.83, 2, 29, 1, 1),
('2023-01-26', 13.00, 2, 34, 1, 1),
('2023-01-27', 5.04, 2, 36, 1, 1),
('2023-01-28', 32.97, 2, 7, 1, 1),
('2023-02-02', 3.17, 2, 35, 1, 1),
('2023-02-04', 12.48, 2, 28, 1, 1),
('2023-02-06', 55.26, 2, 6, 1, 1),
('2023-02-08', 4.40, 2, 38, 1, 1),
('2023-02-10', 17.58, 2, 34, 1, 1),
('2023-02-14', 14.63, 2, 17, 1, 1),
('2023-02-14', 11.38, 2, 34, 1, 1),
('2023-02-16', 74.82, 2, 66, 4, 4),
('2023-02-17', 5.25, 2, 36, 1, 1),
('2023-02-22', 34.07, 2, 7, 1, 1),
('2023-02-25', 13.83, 2, 53, 5, 5),
('2023-03-03', 46.45, 2, 6, 1, 1),
('2023-03-04', 14.14, 2, 32, 1, 1),
('2023-03-08', 49.98, 2, 66, 4, 4),
('2023-03-14', 33.87, 2, 6, 1, 1),
('2023-03-17', 6.62, 2, 56, 5, 5),
('2023-03-18', 56.65, 2, 7, 1, 1),
('2023-03-19', 14.53, 2, 17, 1, 1),
('2023-03-23', 17.94, 2, 32, 1, 1),
('2023-03-26', 6.48, 2, 35, 1, 1),
('2023-03-27', 5.62, 2, 35, 1, 1),
('2023-03-28', 11.59, 2, 53, 5, 5),
('2023-04-04', 10.49, 2, 29, 1, 1),
('2023-04-05', 16.60, 2, 53, 5, 5),
('2023-04-06', 18.24, 2, 28, 1, 1),
('2023-04-12', 60.46, 2, 6, 1, 1),
('2023-04-12', 60.44, 2, 66, 4, 4),
('2023-04-15', 13.62, 2, 63, 3, 3),
('2023-04-17', 52.85, 2, 7, 1, 1),
('2023-04-21', 12.57, 2, 56, 5, 5),
('2023-04-22', 84.31, 2, 50, 2, 2),
('2023-04-25', 5.70, 2, 35, 1, 1),
('2023-04-25', 5.47, 2, 38, 1, 1),
('2023-05-03', 60.44, 2, 6, 1, 1),
('2023-05-05', 25.50, 2, 17, 1, 1),
('2023-05-08', 20.61, 2, 53, 5, 5),
('2023-05-11', 19.20, 2, 34, 1, 1),
('2023-05-12', 85.08, 2, 66, 4, 4),
('2023-05-15', 58.08, 2, 6, 1, 1),
('2023-05-20', 58.58, 2, 7, 1, 1),
('2023-05-23', 3.98, 2, 38, 1, 1),
('2023-05-25', 27.88, 2, 46, 3, 3),
('2023-05-26', 6.98, 2, 35, 1, 1),
('2023-05-30', 22.86, 2, 29, 1, 1),
('2023-06-03', 51.19, 2, 7, 1, 1),
('2023-06-05', 6.14, 2, 36, 1, 1),
('2023-06-06', 31.66, 2, 56, 5, 5),
('2023-06-07', 43.59, 2, 66, 4, 4),
('2023-06-09', 22.33, 2, 34, 1, 1),
('2023-06-10', 6.00, 2, 38, 1, 1),
('2023-06-17', 15.43, 2, 53, 5, 5),
('2023-06-19', 21.21, 2, 32, 1, 1),
('2023-06-21', 6.54, 2, 35, 1, 1),
('2023-06-26', 62.79, 2, 7, 1, 1),
('2023-06-27', 27.04, 2, 42, 2, 2),
('2023-06-28', 11.61, 2, 28, 1, 1),
('2023-07-05', 20.88, 2, 29, 1, 1),
('2023-07-06', 12.74, 2, 34, 1, 1),
('2023-07-08', 7.93, 2, 38, 1, 1),
('2023-07-10', 74.24, 2, 6, 1, 1),
('2023-07-11', 26.33, 2, 34, 1, 1),
('2023-07-14', 5.49, 2, 38, 1, 1),
('2023-07-17', 71.28, 2, 6, 1, 1),
('2023-07-18', 13.59, 2, 53, 5, 5),
('2023-07-22', 86.83, 2, 66, 4, 4),
('2023-07-25', 81.81, 2, 50, 2, 2),
('2023-07-25', 27.73, 2, 63, 3, 3),
('2023-07-26', 26.85, 2, 17, 1, 1),
('2023-08-02', 63.19, 2, 7, 1, 1),
('2023-08-02', 49.21, 2, 50, 2, 2),
('2023-08-11', 85.85, 2, 66, 4, 4),
('2023-08-13', 24.92, 2, 53, 5, 5),
('2023-08-25', 11.80, 2, 17, 1, 1),
('2023-08-26', 61.78, 2, 7, 1, 1),
('2023-08-28', 11.13, 2, 28, 1, 1),
('2023-08-29', 18.40, 2, 17, 1, 1),
('2023-08-29', 5.20, 2, 36, 1, 1),
('2023-08-30', 10.72, 2, 34, 1, 1),
('2023-08-31', 44.74, 2, 6, 1, 1),
('2023-08-31', 7.36, 2, 35, 1, 1),
('2023-09-01', 12.97, 2, 29, 1, 1),
('2023-09-02', 47.29, 2, 7, 1, 1),
('2023-09-06', 69.86, 2, 66, 4, 4),
('2023-09-08', 4.78, 2, 36, 1, 1),
('2023-09-08', 5.22, 2, 38, 1, 1),
('2023-09-10', 16.44, 2, 53, 5, 5),
('2023-09-12', 15.66, 2, 46, 3, 3),
('2023-09-14', 4.08, 2, 35, 1, 1),
('2023-09-15', 3.91, 2, 35, 1, 1),
('2023-09-18', 25.18, 2, 34, 1, 1),
('2023-09-18', 35.51, 2, 46, 3, 3),
('2023-09-20', 8.49, 2, 28, 1, 1),
('2023-09-23', 67.29, 2, 7, 1, 1),
('2023-10-02', 4.73, 2, 35, 1, 1),
('2023-10-03', 20.74, 2, 53, 5, 5),
('2023-10-07', 32.63, 2, 66, 4, 4),
('2023-10-12', 12.10, 2, 28, 1, 1),
('2023-10-13', 65.57, 2, 6, 1, 1),
('2023-10-21', 48.54, 2, 7, 1, 1),
('2023-10-23', 50.89, 2, 42, 2, 2),
('2023-10-24', 8.28, 2, 28, 1, 1),
('2023-10-25', 17.89, 2, 32, 1, 1),
('2023-10-27', 5.75, 2, 38, 1, 1),
('2023-11-02', 67.50, 2, 6, 1, 1),
('2023-11-04', 23.75, 2, 17, 1, 1),
('2023-11-10', 56.75, 2, 66, 4, 4),
('2023-11-11', 7.60, 2, 35, 1, 1),
('2023-11-11', 8.32, 2, 56, 5, 5),
('2023-11-12', 24.92, 2, 28, 1, 1),
('2023-11-14', 19.04, 2, 53, 5, 5),
('2023-11-23', 5.77, 2, 38, 1, 1),
('2023-11-24', 5.54, 2, 35, 1, 1),
('2023-11-26', 23.32, 2, 50, 2, 2),
('2023-11-27', 59.41, 2, 7, 1, 1),
('2023-11-28', 21.06, 2, 32, 1, 1),
('2023-11-30', 50.44, 2, 7, 1, 1),
('2023-12-05', 8.09, 2, 38, 1, 1),
('2023-12-12', 63.31, 2, 7, 1, 1),
('2023-12-17', 27.02, 2, 29, 1, 1),
('2023-12-20', 87.42, 2, 7, 1, 1),
('2023-12-21', 86.63, 2, 6, 1, 1),
('2023-12-22', 23.55, 2, 32, 1, 1),
('2023-12-25', 19.68, 2, 53, 5, 5),
('2023-12-26', 6.29, 2, 36, 1, 1),
('2023-12-31', 23.98, 2, 56, 5, 5),
('2023-12-31', 52.26, 2, 66, 4, 4),
('2024-01-03', 21.47, 2, 56, 5, 5),
('2024-01-07', 5.94, 2, 35, 1, 1),
('2024-01-13', 20.00, 2, 28, 1, 1),
('2024-01-17', 40.67, 2, 7, 1, 1),
('2024-01-21', 38.04, 2, 6, 1, 1),
('2024-01-23', 5.70, 2, 35, 1, 1),
('2024-01-23', 33.90, 2, 66, 4, 4),
('2024-01-24', 9.49, 2, 34, 1, 1),
('2024-01-25', 3.75, 2, 35, 1, 1),
('2024-01-28', 11.11, 2, 53, 5, 5),
('2024-01-28', 15.96, 2, 46, 3, 3),
('2024-02-03', 4.12, 2, 38, 1, 1),
('2024-02-04', 62.53, 2, 6, 1, 1),
('2024-02-05', 5.08, 2, 36, 1, 1),
('2024-02-11', 19.64, 2, 53, 5, 5),
('2024-02-17', 16.72, 2, 61, 3, 3),
('2024-02-18', 15.96, 2, 17, 1, 1),
('2024-02-22', 16.14, 2, 56, 5, 5),
('2024-02-24', 4.66, 2, 35, 1, 1),
('2024-02-25', 4.44, 2, 38, 1, 1),
('2024-02-25', 87.98, 2, 66, 4, 4),
('2024-02-26', 42.89, 2, 6, 1, 1),
('2024-02-26', 14.76, 2, 32, 1, 1),
('2024-02-28', 12.94, 2, 61, 3, 3),
('2024-03-03', 10.68, 2, 53, 5, 5),
('2024-03-05', 3.89, 2, 38, 1, 1),
('2024-03-06', 5.29, 2, 38, 1, 1),
('2024-03-09', 10.77, 2, 34, 1, 1),
('2024-03-09', 9.62, 2, 32, 1, 1),
('2024-03-11', 64.33, 2, 6, 1, 1),
('2024-03-12', 64.75, 2, 7, 1, 1),
('2024-03-16', 21.40, 2, 46, 3, 3),
('2024-03-18', 3.64, 2, 38, 1, 1),
('2024-03-18', 23.23, 2, 63, 3, 3),
('2024-03-20', 68.34, 2, 66, 4, 4),
('2024-03-24', 6.32, 2, 35, 1, 1),
('2024-04-06', 50.39, 2, 7, 1, 1),
('2024-04-07', 24.08, 2, 56, 5, 5),
('2024-04-08', 3.99, 2, 36, 1, 1),
('2024-04-10', 50.87, 2, 6, 1, 1),
('2024-04-13', 10.22, 2, 32, 1, 1),
('2024-04-13', 79.81, 2, 50, 2, 2),
('2024-04-15', 42.14, 2, 6, 1, 1),
('2024-04-15', 3.93, 2, 35, 1, 1),
('2024-04-16', 82.74, 2, 66, 4, 4),
('2024-04-17', 17.55, 2, 32, 1, 1),
('2024-04-28', 20.21, 2, 32, 1, 1),
('2024-04-28', 23.53, 2, 53, 5, 5),
('2024-05-02', 13.42, 2, 34, 1, 1),
('2024-05-02', 47.30, 2, 42, 2, 2),
('2024-05-04', 53.63, 2, 66, 4, 4),
('2024-05-07', 39.80, 2, 63, 3, 3),
('2024-05-14', 4.17, 2, 35, 1, 1),
('2024-05-18', 3.71, 2, 36, 1, 1),
('2024-05-18', 14.33, 2, 53, 5, 5),
('2024-05-24', 5.02, 2, 35, 1, 1),
('2024-05-25', 19.68, 2, 56, 5, 5),
('2024-05-29', 23.44, 2, 17, 1, 1),
('2024-05-31', 51.20, 2, 7, 1, 1),
('2024-05-31', 45.60, 2, 7, 1, 1),
('2024-05-31', 29.11, 2, 61, 3, 3),
('2024-06-02', 40.00, 2, 7, 1, 1),
('2024-06-02', 40.80, 2, 61, 3, 3),
('2024-06-09', 88.02, 2, 66, 4, 4),
('2024-06-11', 26.22, 2, 32, 1, 1),
('2024-06-12', 14.97, 2, 53, 5, 5),
('2024-06-13', 7.66, 2, 38, 1, 1),
('2024-06-17', 42.95, 2, 46, 3, 3),
('2024-06-19', 13.96, 2, 56, 5, 5),
('2024-06-20', 25.50, 2, 29, 1, 1),
('2024-06-23', 62.94, 2, 50, 2, 2),
('2024-06-26', 56.74, 2, 7, 1, 1),
('2024-06-27', 5.00, 2, 35, 1, 1),
('2024-07-02', 63.30, 2, 6, 1, 1),
('2024-07-05', 73.32, 2, 6, 1, 1),
('2024-07-05', 17.27, 2, 29, 1, 1),
('2024-07-05', 6.11, 2, 38, 1, 1),
('2024-07-07', 41.01, 2, 7, 1, 1),
('2024-07-07', 24.36, 2, 53, 5, 5),
('2024-07-08', 32.82, 2, 56, 5, 5),
('2024-07-11', 8.04, 2, 35, 1, 1),
('2024-07-14', 19.01, 2, 34, 1, 1),
('2024-07-15', 7.70, 2, 35, 1, 1),
('2024-07-16', 31.05, 2, 46, 3, 3),
('2024-07-17', 5.54, 2, 36, 1, 1),
('2024-07-22', 83.83, 2, 50, 2, 2),
('2024-07-23', 42.44, 2, 66, 4, 4),
('2024-07-30', 18.42, 2, 28, 1, 1),
('2024-08-02', 14.18, 2, 28, 1, 1),
('2024-08-02', 6.43, 2, 38, 1, 1),
('2024-08-02', 11.50, 2, 53, 5, 5),
('2024-08-04', 24.23, 2, 56, 5, 5),
('2024-08-09', 7.44, 2, 38, 1, 1),
('2024-08-09', 4.38, 2, 38, 1, 1),
('2024-08-10', 43.19, 2, 7, 1, 1),
('2024-08-12', 26.08, 2, 32, 1, 1),
('2024-08-21', 57.43, 2, 63, 3, 3),
('2024-08-24', 17.76, 2, 29, 1, 1),
('2024-08-24', 6.11, 2, 36, 1, 1),
('2024-08-29', 76.24, 2, 7, 1, 1),
('2024-08-31', 68.26, 2, 6, 1, 1),
('2024-08-31', 63.02, 2, 66, 4, 4),
('2024-09-09', 45.04, 2, 61, 3, 3),
('2024-09-10', 108.79, 2, 45, 2, 2),
('2024-09-11', 47.24, 2, 6, 1, 1),
('2024-09-11', 39.75, 2, 66, 4, 4),
('2024-09-21', 44.08, 2, 7, 1, 1),
('2024-09-24', 21.31, 2, 28, 1, 1),
('2024-09-24', 27.82, 2, 63, 3, 3),
('2024-09-27', 15.49, 2, 17, 1, 1),
('2024-09-28', 17.56, 2, 53, 5, 5),
('2024-09-29', 23.35, 2, 28, 1, 1),
('2024-09-29', 3.81, 2, 35, 1, 1),
('2024-09-30', 65.00, 2, 6, 1, 1),
('2024-09-30', 24.85, 2, 17, 1, 1),
('2024-09-30', 6.43, 2, 35, 1, 1),
('2024-10-05', 16.12, 2, 29, 1, 1),
('2024-10-06', 56.38, 2, 7, 1, 1),
('2024-10-09', 4.84, 2, 35, 1, 1),
('2024-10-13', 19.38, 2, 29, 1, 1),
('2024-10-15', 48.41, 2, 66, 4, 4),
('2024-10-17', 51.69, 2, 46, 3, 3),
('2024-10-19', 69.22, 2, 42, 2, 2),
('2024-10-21', 15.39, 2, 53, 5, 5),
('2024-10-25', 4.43, 2, 35, 1, 1),
('2024-10-25', 25.37, 2, 61, 3, 3),
('2024-10-27', 49.97, 2, 7, 1, 1),
('2024-11-05', 56.91, 2, 7, 1, 1),
('2024-11-11', 81.27, 2, 66, 4, 4),
('2024-11-12', 62.16, 2, 6, 1, 1),
('2024-11-12', 4.15, 2, 38, 1, 1),
('2024-11-17', 5.57, 2, 38, 1, 1),
('2024-11-23', 19.07, 2, 17, 1, 1),
('2024-11-24', 76.57, 2, 7, 1, 1),
('2024-11-25', 18.85, 2, 29, 1, 1),
('2024-11-25', 13.43, 2, 34, 1, 1),
('2024-11-27', 18.21, 2, 53, 5, 5),
('2024-12-03', 51.70, 2, 46, 3, 3),
('2024-12-05', 20.91, 2, 17, 1, 1),
('2024-12-06', 30.28, 2, 56, 5, 5),
('2024-12-07', 6.91, 2, 36, 1, 1),
('2024-12-09', 7.95, 2, 38, 1, 1),
('2024-12-14', 5.88, 2, 36, 1, 1),
('2024-12-19', 11.23, 2, 17, 1, 1),
('2024-12-22', 27.15, 2, 28, 1, 1),
('2024-12-23', 69.26, 2, 6, 1, 1),
('2024-12-29', 66.08, 2, 6, 1, 1),
('2024-12-29', 52.95, 2, 66, 4, 4),
('2024-12-30', 17.08, 2, 53, 5, 5),
('2023-01-02', 117.38, 3, 74, 2, 2),
('2023-01-04', 106.39, 3, 12, 1, 1),
('2023-01-05', 140.72, 3, 14, 1, 1),
('2023-01-07', 129.88, 3, 41, 2, 2),
('2023-01-08', 153.82, 3, 2, 1, 1),
('2023-01-08', 38.87, 3, 26, 1, 1),
('2023-01-08', 19.76, 3, 57, 5, 5),
('2023-01-08', 49.30, 3, 65, 4, 4),
('2023-01-08', 1061.93, 3, 67, 7, 7),
('2023-01-10', 126.95, 3, 12, 1, 1),
('2023-01-13', 131.71, 3, 12, 1, 1),
('2023-01-15', 46.02, 3, 64, 4, 4),
('2023-01-17', 118.53, 3, 70, 7, 7),
('2023-01-18', 35.76, 3, 26, 1, 1),
('2023-02-02', 141.13, 3, 74, 2, 2),
('2023-02-05', 24.30, 3, 57, 5, 5),
('2023-02-08', 122.08, 3, 2, 1, 1),
('2023-02-08', 69.01, 3, 68, 7, 7),
('2023-02-10', 120.05, 3, 12, 1, 1),
('2023-02-10', 55.04, 3, 64, 4, 4),
('2023-02-14', 1067.19, 3, 67, 7, 7),
('2023-02-19', 123.40, 3, 12, 1, 1),
('2023-02-21', 49.99, 3, 18, 1, 1),
('2023-02-21', 55.55, 3, 68, 7, 7),
('2023-02-22', 138.88, 3, 14, 1, 1),
('2023-02-25', 150.45, 3, 14, 1, 1),
('2023-02-25', 32.87, 3, 57, 5, 5),
('2023-02-26', 94.78, 3, 74, 2, 2),
('2023-02-26', 45.45, 3, 64, 4, 4),
('2023-03-02', 126.18, 3, 12, 1, 1),
('2023-03-02', 97.67, 3, 70, 7, 7),
('2023-03-03', 147.75, 3, 2, 1, 1),
('2023-03-07', 169.48, 3, 12, 1, 1),
('2023-03-10', 42.81, 3, 65, 4, 4),
('2023-03-10', 32.84, 3, 61, 3, 3),
('2023-03-13', 49.02, 3, 58, 5, 5),
('2023-03-13', 48.06, 3, 65, 4, 4),
('2023-03-15', 38.63, 3, 65, 4, 4),
('2023-03-16', 32.68, 3, 31, 1, 1),
('2023-03-20', 153.19, 3, 2, 1, 1),
('2023-03-24', 64.03, 3, 68, 7, 7),
('2023-03-30', 63.51, 3, 41, 2, 2),
('2023-03-30', 23.47, 3, 57, 5, 5),
('2023-03-30', 960.94, 3, 67, 7, 7),
('2023-03-31', 142.06, 3, 41, 2, 2),
('2023-04-01', 55.56, 3, 69, 7, 7),
('2023-04-03', 57.09, 3, 64, 4, 4),
('2023-04-06', 31.30, 3, 18, 1, 1),
('2023-04-06', 150.44, 3, 41, 2, 2),
('2023-04-07', 51.65, 3, 65, 4, 4),
('2023-04-11', 131.87, 3, 14, 1, 1),
('2023-04-13', 158.43, 3, 2, 1, 1),
('2023-04-14', 56.01, 3, 69, 7, 7),
('2023-04-15', 32.57, 3, 31, 1, 1),
('2023-04-16', 156.80, 3, 12, 1, 1),
('2023-04-17', 48.89, 3, 41, 2, 2),
('2023-04-20', 1091.32, 3, 67, 7, 7),
('2023-04-25', 15.26, 3, 57, 5, 5),
('2023-05-01', 160.32, 3, 12, 1, 1),
('2023-05-02', 57.95, 3, 64, 4, 4),
('2023-05-02', 140.23, 3, 69, 7, 7),
('2023-05-03', 43.88, 3, 31, 1, 1),
('2023-05-03', 32.77, 3, 58, 5, 5),
('2023-05-03', 54.07, 3, 65, 4, 4),
('2023-05-04', 197.44, 3, 12, 1, 1),
('2023-05-05', 137.01, 3, 12, 1, 1),
('2023-05-08', 963.43, 3, 67, 7, 7),
('2023-05-09', 163.31, 3, 14, 1, 1),
('2023-05-10', 129.85, 3, 41, 2, 2),
('2023-05-19', 76.62, 3, 41, 2, 2),
('2023-05-21', 62.14, 3, 64, 4, 4),
('2023-05-22', 153.93, 3, 2, 1, 1),
('2023-05-27', 43.00, 3, 31, 1, 1),
('2023-05-30', 82.77, 3, 69, 7, 7),
('2023-06-01', 210.90, 3, 12, 1, 1),
('2023-06-04', 35.73, 3, 57, 5, 5),
('2023-06-05', 191.34, 3, 12, 1, 1),
('2023-06-06', 124.05, 3, 69, 7, 7),
('2023-06-10', 136.19, 3, 2, 1, 1),
('2023-06-12', 1065.91, 3, 67, 7, 7),
('2023-06-13', 64.90, 3, 26, 1, 1),
('2023-06-13', 68.51, 3, 69, 7, 7),
('2023-06-17', 143.80, 3, 74, 2, 2),
('2023-06-20', 64.64, 3, 65, 4, 4),
('2023-06-22', 124.08, 3, 14, 1, 1),
('2023-06-22', 71.88, 3, 31, 1, 1),
('2023-06-25', 51.49, 3, 65, 4, 4),
('2023-06-26', 71.28, 3, 65, 4, 4),
('2023-06-26', 41.13, 3, 61, 3, 3),
('2023-06-27', 158.24, 3, 2, 1, 1),
('2023-07-01', 77.55, 3, 31, 1, 1),
('2023-07-01', 52.76, 3, 65, 4, 4),
('2023-07-03', 76.53, 3, 74, 2, 2),
('2023-07-04', 18.46, 3, 58, 5, 5),
('2023-07-05', 980.68, 3, 67, 7, 7),
('2023-07-05', 69.43, 3, 68, 7, 7),
('2023-07-09', 141.58, 3, 12, 1, 1),
('2023-07-09', 104.41, 3, 68, 7, 7),
('2023-07-13', 157.46, 3, 2, 1, 1),
('2023-07-18', 21.53, 3, 58, 5, 5),
('2023-07-19', 59.88, 3, 65, 4, 4),
('2023-07-25', 87.43, 3, 41, 2, 2),
('2023-07-25', 46.33, 3, 64, 4, 4),
('2023-07-26', 188.46, 3, 12, 1, 1),
('2023-08-07', 163.81, 3, 2, 1, 1),
('2023-08-09', 209.28, 3, 12, 1, 1),
('2023-08-10', 121.63, 3, 14, 1, 1),
('2023-08-10', 90.06, 3, 41, 2, 2),
('2023-08-11', 24.32, 3, 58, 5, 5),
('2023-08-11', 52.97, 3, 65, 4, 4),
('2023-08-12', 45.18, 3, 64, 4, 4),
('2023-08-15', 44.07, 3, 18, 1, 1),
('2023-08-21', 167.36, 3, 12, 1, 1),
('2023-08-22', 1130.29, 3, 67, 7, 7),
('2023-08-26', 87.74, 3, 69, 7, 7),
('2023-08-27', 58.20, 3, 31, 1, 1),
('2023-08-31', 30.54, 3, 58, 5, 5),
('2023-08-31', 126.73, 3, 68, 7, 7),
('2023-09-01', 929.58, 3, 67, 7, 7),
('2023-09-03', 155.58, 3, 12, 1, 1),
('2023-09-05', 179.33, 3, 14, 1, 1),
('2023-09-10', 137.10, 3, 12, 1, 1),
('2023-09-15', 91.14, 3, 68, 7, 7),
('2023-09-18', 51.69, 3, 74, 2, 2),
('2023-09-19', 45.19, 3, 18, 1, 1),
('2023-09-21', 57.27, 3, 65, 4, 4),
('2023-09-22', 160.06, 3, 12, 1, 1),
('2023-09-23', 155.38, 3, 41, 2, 2),
('2023-09-25', 26.18, 3, 58, 5, 5),
('2023-09-25', 49.30, 3, 65, 4, 4),
('2023-09-30', 69.74, 3, 18, 1, 1),
('2023-10-01', 117.68, 3, 70, 7, 7),
('2023-10-04', 135.11, 3, 2, 1, 1),
('2023-10-04', 180.66, 3, 12, 1, 1),
('2023-10-05', 139.61, 3, 14, 1, 1),
('2023-10-06', 1092.14, 3, 67, 7, 7),
('2023-10-11', 52.73, 3, 41, 2, 2),
('2023-10-12', 194.80, 3, 14, 1, 1),
('2023-10-12', 46.43, 3, 31, 1, 1),
('2023-10-15', 105.34, 3, 68, 7, 7),
('2023-10-18', 42.32, 3, 65, 4, 4),
('2023-10-19', 168.69, 3, 2, 1, 1),
('2023-10-21', 19.37, 3, 57, 5, 5),
('2023-10-26', 34.31, 3, 31, 1, 1),
('2023-10-26', 126.74, 3, 41, 2, 2),
('2023-10-30', 54.36, 3, 57, 5, 5),
('2023-10-31', 50.48, 3, 65, 4, 4),
('2023-11-09', 134.34, 3, 74, 2, 2),
('2023-11-10', 935.08, 3, 67, 7, 7),
('2023-11-12', 43.64, 3, 31, 1, 1),
('2023-11-17', 96.82, 3, 69, 7, 7),
('2023-11-19', 130.51, 3, 12, 1, 1),
('2023-11-19', 21.53, 3, 58, 5, 5),
('2023-11-20', 33.60, 3, 58, 5, 5),
('2023-11-20', 46.92, 3, 65, 4, 4),
('2023-11-22', 45.78, 3, 64, 4, 4),
('2023-11-23', 141.08, 3, 14, 1, 1),
('2023-11-25', 186.80, 3, 2, 1, 1),
('2023-11-30', 60.05, 3, 64, 4, 4),
('2023-12-05', 84.30, 3, 74, 2, 2),
('2023-12-06', 189.52, 3, 2, 1, 1),
('2023-12-06', 170.92, 3, 14, 1, 1),
('2023-12-10', 48.60, 3, 64, 4, 4),
('2023-12-13', 182.45, 3, 14, 1, 1),
('2023-12-16', 27.11, 3, 57, 5, 5),
('2023-12-18', 57.24, 3, 65, 4, 4),
('2023-12-18', 1053.24, 3, 67, 7, 7),
('2023-12-18', 156.15, 3, 70, 7, 7),
('2023-12-18', 45.70, 3, 61, 3, 3),
('2023-12-21', 194.60, 3, 12, 1, 1),
('2023-12-22', 43.34, 3, 58, 5, 5),
('2023-12-25', 126.46, 3, 68, 7, 7),
('2023-12-28', 51.45, 3, 26, 1, 1),
('2023-12-30', 243.74, 3, 12, 1, 1),
('2023-12-31', 136.98, 3, 74, 2, 2),
('2024-01-06', 98.48, 3, 41, 2, 2),
('2024-01-07', 52.26, 3, 18, 1, 1),
('2024-01-09', 109.39, 3, 70, 7, 7),
('2024-01-10', 156.71, 3, 2, 1, 1),
('2024-01-15', 112.49, 3, 2, 1, 1),
('2024-01-20', 44.66, 3, 65, 4, 4),
('2024-01-23', 39.02, 3, 65, 4, 4),
('2024-01-24', 153.47, 3, 2, 1, 1),
('2024-01-26', 14.77, 3, 58, 5, 5),
('2024-01-28', 59.27, 3, 26, 1, 1),
('2024-01-28', 107.73, 3, 74, 2, 2),
('2024-01-31', 51.99, 3, 64, 4, 4),
('2024-01-31', 1125.03, 3, 67, 7, 7),
('2024-02-02', 57.12, 3, 68, 7, 7),
('2024-02-03', 48.16, 3, 26, 1, 1),
('2024-02-09', 147.03, 3, 14, 1, 1),
('2024-02-09', 42.05, 3, 65, 4, 4),
('2024-02-13', 43.38, 3, 31, 1, 1),
('2024-02-14', 54.24, 3, 65, 4, 4),
('2024-02-15', 138.85, 3, 74, 2, 2),
('2024-02-16', 109.88, 3, 12, 1, 1),
('2024-02-18', 1073.38, 3, 67, 7, 7),
('2024-02-19', 40.76, 3, 41, 2, 2),
('2024-02-21', 37.41, 3, 58, 5, 5),
('2024-02-23', 123.64, 3, 2, 1, 1),
('2024-02-25', 163.53, 3, 14, 1, 1),
('2024-02-28', 109.15, 3, 2, 1, 1),
('2024-02-28', 15.78, 3, 58, 5, 5),
('2024-02-29', 101.72, 3, 70, 7, 7),
('2024-03-01', 41.57, 3, 64, 4, 4),
('2024-03-01', 1108.68, 3, 67, 7, 7),
('2024-03-03', 51.73, 3, 31, 1, 1),
('2024-03-04', 179.55, 3, 2, 1, 1),
('2024-03-05', 51.33, 3, 65, 4, 4),
('2024-03-06', 61.13, 3, 31, 1, 1),
('2024-03-07', 184.90, 3, 2, 1, 1),
('2024-03-08', 83.18, 3, 69, 7, 7),
('2024-03-12', 115.35, 3, 41, 2, 2),
('2024-03-13', 38.02, 3, 57, 5, 5),
('2024-03-15', 141.36, 3, 14, 1, 1),
('2024-03-21', 38.44, 3, 64, 4, 4),
('2024-03-23', 62.92, 3, 70, 7, 7),
('2024-04-03', 62.21, 3, 64, 4, 4),
('2024-04-05', 142.53, 3, 2, 1, 1),
('2024-04-09', 109.79, 3, 70, 7, 7),
('2024-04-11', 141.24, 3, 14, 1, 1),
('2024-04-14', 994.35, 3, 67, 7, 7),
('2024-04-15', 85.39, 3, 41, 2, 2),
('2024-04-17', 50.35, 3, 18, 1, 1),
('2024-04-21', 194.40, 3, 2, 1, 1),
('2024-04-25', 41.33, 3, 65, 4, 4),
('2024-04-30', 31.47, 3, 58, 5, 5),
('2024-05-01', 191.17, 3, 12, 1, 1),
('2024-05-01', 56.55, 3, 64, 4, 4),
('2024-05-09', 46.02, 3, 64, 4, 4),
('2024-05-10', 185.02, 3, 12, 1, 1),
('2024-05-10', 56.78, 3, 26, 1, 1),
('2024-05-12', 160.02, 3, 41, 2, 2),
('2024-05-12', 38.70, 3, 57, 5, 5),
('2024-05-16', 44.48, 3, 26, 1, 1),
('2024-05-17', 985.95, 3, 67, 7, 7),
('2024-05-18', 105.74, 3, 70, 7, 7),
('2024-05-20', 169.05, 3, 12, 1, 1),
('2024-05-20', 160.97, 3, 12, 1, 1),
('2024-05-21', 118.97, 3, 41, 2, 2),
('2024-05-23', 93.65, 3, 69, 7, 7),
('2024-05-28', 50.99, 3, 58, 5, 5),
('2024-05-29', 142.42, 3, 12, 1, 1),
('2024-05-31', 67.89, 3, 64, 4, 4),
('2024-06-02', 80.43, 3, 74, 2, 2),
('2024-06-03', 149.98, 3, 12, 1, 1),
('2024-06-04', 42.18, 3, 64, 4, 4),
('2024-06-10', 62.08, 3, 18, 1, 1),
('2024-06-12', 72.37, 3, 68, 7, 7),
('2024-06-15', 43.44, 3, 57, 5, 5),
('2024-06-17', 1055.17, 3, 67, 7, 7),
('2024-06-18', 151.55, 3, 12, 1, 1),
('2024-06-21', 192.36, 3, 12, 1, 1),
('2024-06-22', 63.83, 3, 64, 4, 4),
('2024-06-23', 42.14, 3, 65, 4, 4),
('2024-06-30', 140.00, 3, 2, 1, 1),
('2024-07-08', 45.13, 3, 65, 4, 4),
('2024-07-09', 154.02, 3, 41, 2, 2),
('2024-07-09', 63.00, 3, 61, 3, 3),
('2024-07-11', 205.39, 3, 14, 1, 1),
('2024-07-11', 87.52, 3, 69, 7, 7),
('2024-07-13', 72.27, 3, 64, 4, 4),
('2024-07-17', 132.74, 3, 12, 1, 1),
('2024-07-17', 47.39, 3, 31, 1, 1),
('2024-07-18', 1140.93, 3, 67, 7, 7),
('2024-07-19', 187.84, 3, 14, 1, 1),
('2024-07-24', 40.66, 3, 57, 5, 5),
('2024-07-28', 58.09, 3, 31, 1, 1),
('2024-08-01', 131.46, 3, 68, 7, 7),
('2024-08-02', 210.21, 3, 2, 1, 1),
('2024-08-05', 41.99, 3, 65, 4, 4),
('2024-08-06', 141.87, 3, 12, 1, 1),
('2024-08-08', 1062.46, 3, 67, 7, 7),
('2024-08-11', 31.78, 3, 31, 1, 1),
('2024-08-12', 74.88, 3, 74, 2, 2),
('2024-08-15', 32.70, 3, 58, 5, 5),
('2024-08-17', 183.96, 3, 2, 1, 1),
('2024-08-24', 68.54, 3, 64, 4, 4),
('2024-08-28', 41.47, 3, 31, 1, 1),
('2024-08-28', 129.51, 3, 68, 7, 7),
('2024-09-03', 40.61, 3, 57, 5, 5),
('2024-09-05', 127.36, 3, 69, 7, 7),
('2024-09-10', 47.30, 3, 65, 4, 4),
('2024-09-14', 43.57, 3, 57, 5, 5),
('2024-09-15', 164.93, 3, 41, 2, 2),
('2024-09-15', 981.59, 3, 67, 7, 7),
('2024-09-16', 201.29, 3, 2, 1, 1),
('2024-09-17', 203.24, 3, 14, 1, 1),
('2024-09-19', 58.79, 3, 41, 2, 2),
('2024-09-23', 140.47, 3, 2, 1, 1),
('2024-09-29', 66.20, 3, 31, 1, 1),
('2024-09-30', 62.60, 3, 65, 4, 4),
('2024-10-01', 63.71, 3, 65, 4, 4),
('2024-10-01', 60.24, 3, 70, 7, 7),
('2024-10-03', 32.09, 3, 18, 1, 1),
('2024-10-03', 43.45, 3, 58, 5, 5),
('2024-10-04', 1038.61, 3, 67, 7, 7),
('2024-10-05', 118.98, 3, 14, 1, 1),
('2024-10-07', 141.13, 3, 74, 2, 2),
('2024-10-09', 60.14, 3, 64, 4, 4),
('2024-10-10', 45.85, 3, 26, 1, 1),
('2024-10-15', 136.69, 3, 2, 1, 1),
('2024-10-17', 39.32, 3, 65, 4, 4),
('2024-10-18', 140.45, 3, 2, 1, 1),
('2024-10-27', 126.04, 3, 41, 2, 2),
('2024-11-01', 76.86, 3, 26, 1, 1),
('2024-11-03', 175.45, 3, 14, 1, 1),
('2024-11-04', 54.90, 3, 74, 2, 2),
('2024-11-05', 46.83, 3, 61, 3, 3),
('2024-11-06', 57.16, 3, 58, 5, 5),
('2024-11-06', 52.31, 3, 64, 4, 4),
('2024-11-07', 198.01, 3, 14, 1, 1),
('2024-11-09', 50.11, 3, 64, 4, 4),
('2024-11-16', 42.68, 3, 65, 4, 4),
('2024-11-16', 99.02, 3, 69, 7, 7),
('2024-11-16', 66.20, 3, 68, 7, 7),
('2024-11-20', 1085.75, 3, 67, 7, 7),
('2024-11-22', 179.93, 3, 12, 1, 1),
('2024-11-26', 65.79, 3, 74, 2, 2),
('2024-12-02', 172.49, 3, 74, 2, 2),
('2024-12-04', 31.14, 3, 57, 5, 5),
('2024-12-08', 131.71, 3, 69, 7, 7),
('2024-12-11', 178.77, 3, 2, 1, 1),
('2024-12-11', 64.84, 3, 26, 1, 1),
('2024-12-12', 234.47, 3, 12, 1, 1),
('2024-12-13', 220.58, 3, 14, 1, 1),
('2024-12-16', 195.36, 3, 14, 1, 1),
('2024-12-17', 107.63, 3, 41, 2, 2),
('2024-12-18', 75.05, 3, 64, 4, 4),
('2024-12-19', 76.07, 3, 65, 4, 4),
('2024-12-25', 81.13, 3, 64, 4, 4),
('2024-12-26', 195.26, 3, 2, 1, 1),
('2024-12-30', 1151.77, 3, 67, 7, 7),
('2024-12-30', 59.68, 3, 61, 3, 3),
('2023-01-01', 19.03, 4, 60, 5, 5),
('2023-01-03', 37.82, 4, 23, 1, 1),
('2023-01-11', 243.20, 4, 71, 5, 5),
('2023-01-17', 10.86, 4, 19, 1, 1),
('2023-01-18', 83.76, 4, 9, 1, 1),
('2023-01-19', 116.37, 4, 9, 1, 1),
('2023-01-23', 242.45, 4, 68, 7, 7),
('2023-01-28', 70.53, 4, 54, 5, 5),
('2023-02-05', 8.80, 4, 20, 1, 1),
('2023-02-06', 111.55, 4, 9, 1, 1),
('2023-02-08', 83.92, 4, 23, 1, 1),
('2023-02-10', 13.81, 4, 19, 1, 1),
('2023-02-11', 88.30, 4, 8, 1, 1),
('2023-02-12', 79.65, 4, 54, 5, 5),
('2023-02-15', 121.48, 4, 70, 7, 7),
('2023-02-16', 19.83, 4, 60, 5, 5),
('2023-02-20', 191.37, 4, 71, 5, 5),
('2023-02-21', 58.84, 4, 20, 1, 1),
('2023-02-28', 197.18, 4, 75, 2, 2),
('2023-03-01', 29.39, 4, 60, 5, 5),
('2023-03-03', 253.90, 4, 71, 5, 5),
('2023-03-03', 30.49, 4, 56, 5, 5),
('2023-03-12', 90.63, 4, 8, 1, 1),
('2023-03-14', 242.52, 4, 70, 7, 7),
('2023-03-18', 11.17, 4, 19, 1, 1),
('2023-03-20', 32.97, 4, 62, 3, 3),
('2023-03-24', 76.07, 4, 9, 1, 1),
('2023-03-24', 69.89, 4, 23, 1, 1),
('2023-03-24', 61.50, 4, 54, 5, 5),
('2023-03-26', 15.81, 4, 20, 1, 1),
('2023-03-29', 69.47, 4, 27, 1, 1),
('2023-04-02', 11.61, 4, 19, 1, 1),
('2023-04-03', 69.47, 4, 54, 5, 5),
('2023-04-03', 203.44, 4, 68, 7, 7),
('2023-04-04', 43.97, 4, 27, 1, 1),
('2023-04-04', 16.29, 4, 60, 5, 5),
('2023-04-06', 83.21, 4, 9, 1, 1),
('2023-04-07', 138.46, 4, 9, 1, 1),
('2023-04-22', 62.52, 4, 23, 1, 1),
('2023-04-23', 113.25, 4, 3, 1, 1),
('2023-04-26', 22.95, 4, 62, 3, 3),
('2023-04-27', 236.06, 4, 71, 5, 5),
('2023-05-04', 78.99, 4, 54, 5, 5),
('2023-05-06', 112.08, 4, 9, 1, 1),
('2023-05-07', 225.10, 4, 70, 7, 7),
('2023-05-10', 19.90, 4, 60, 5, 5),
('2023-05-12', 139.79, 4, 9, 1, 1),
('2023-05-15', 64.13, 4, 20, 1, 1),
('2023-05-19', 47.18, 4, 22, 1, 1),
('2023-05-19', 62.04, 4, 56, 5, 5),
('2023-05-22', 12.01, 4, 19, 1, 1),
('2023-05-27', 200.32, 4, 71, 5, 5),
('2023-06-03', 153.23, 4, 9, 1, 1),
('2023-06-03', 78.15, 4, 27, 1, 1),
('2023-06-05', 143.05, 4, 9, 1, 1),
('2023-06-05', 169.27, 4, 71, 5, 5),
('2023-06-07', 153.82, 4, 3, 1, 1),
('2023-06-09', 172.39, 4, 68, 7, 7),
('2023-06-19', 59.37, 4, 56, 5, 5),
('2023-06-19', 29.90, 4, 62, 3, 3),
('2023-06-28', 11.84, 4, 19, 1, 1),
('2023-06-29', 68.22, 4, 54, 5, 5),
('2023-06-30', 107.99, 4, 22, 1, 1),
('2023-06-30', 18.41, 4, 19, 1, 1),
('2023-07-01', 77.08, 4, 20, 1, 1),
('2023-07-06', 145.06, 4, 70, 7, 7),
('2023-07-07', 69.77, 4, 56, 5, 5),
('2023-07-09', 18.89, 4, 20, 1, 1),
('2023-07-13', 153.38, 4, 9, 1, 1),
('2023-07-17', 75.83, 4, 54, 5, 5),
('2023-07-20', 233.92, 4, 71, 5, 5),
('2023-07-23', 108.39, 4, 3, 1, 1),
('2023-07-23', 28.91, 4, 62, 3, 3),
('2023-07-24', 45.11, 4, 56, 5, 5),
('2023-07-25', 220.95, 4, 72, 2, 2),
('2023-07-28', 11.82, 4, 19, 1, 1),
('2023-07-30', 70.71, 4, 20, 1, 1),
('2023-08-01', 67.73, 4, 54, 5, 5),
('2023-08-08', 90.18, 4, 8, 1, 1),
('2023-08-12', 116.47, 4, 27, 1, 1),
('2023-08-12', 14.18, 4, 19, 1, 1),
('2023-08-19', 221.67, 4, 71, 5, 5),
('2023-08-21', 125.23, 4, 22, 1, 1),
('2023-08-21', 149.26, 4, 70, 7, 7),
('2023-08-27', 65.70, 4, 60, 5, 5),
('2023-08-30', 111.78, 4, 8, 1, 1),
('2023-09-01', 113.87, 4, 8, 1, 1),
('2023-09-09', 178.37, 4, 71, 5, 5),
('2023-09-09', 29.20, 4, 62, 3, 3),
('2023-09-18', 49.74, 4, 56, 5, 5),
('2023-09-19', 21.12, 4, 56, 5, 5),
('2023-09-20', 109.27, 4, 23, 1, 1),
('2023-09-20', 16.85, 4, 19, 1, 1),
('2023-09-21', 109.80, 4, 8, 1, 1),
('2023-09-21', 212.44, 4, 68, 7, 7),
('2023-09-22', 62.16, 4, 54, 5, 5),
('2023-09-23', 18.55, 4, 19, 1, 1),
('2023-09-28', 133.16, 4, 3, 1, 1),
('2023-09-29', 126.25, 4, 72, 2, 2),
('2023-10-09', 17.07, 4, 19, 1, 1),
('2023-10-10', 19.88, 4, 60, 5, 5),
('2023-10-13', 15.37, 4, 20, 1, 1),
('2023-10-17', 125.93, 4, 8, 1, 1),
('2023-10-17', 189.03, 4, 71, 5, 5),
('2023-10-21', 16.79, 4, 62, 3, 3),
('2023-10-22', 65.57, 4, 23, 1, 1),
('2023-10-24', 42.04, 4, 27, 1, 1),
('2023-10-24', 174.14, 4, 72, 2, 2),
('2023-10-24', 76.17, 4, 54, 5, 5),
('2023-10-24', 233.29, 4, 68, 7, 7),
('2023-10-26', 131.44, 4, 3, 1, 1),
('2023-11-02', 145.18, 4, 3, 1, 1),
('2023-11-07', 218.96, 4, 70, 7, 7),
('2023-11-11', 63.93, 4, 60, 5, 5),
('2023-11-12', 105.20, 4, 9, 1, 1),
('2023-11-14', 278.33, 4, 71, 5, 5),
('2023-11-15', 144.18, 4, 9, 1, 1),
('2023-11-16', 122.27, 4, 22, 1, 1),
('2023-11-16', 66.65, 4, 54, 5, 5),
('2023-11-17', 12.08, 4, 20, 1, 1),
('2023-11-21', 17.78, 4, 62, 3, 3),
('2023-11-28', 18.20, 4, 20, 1, 1),
('2023-12-01', 53.77, 4, 23, 1, 1),
('2023-12-01', 18.46, 4, 20, 1, 1),
('2023-12-05', 146.09, 4, 3, 1, 1),
('2023-12-06', 22.83, 4, 60, 5, 5),
('2023-12-10', 166.76, 4, 71, 5, 5),
('2023-12-10', 78.03, 4, 56, 5, 5),
('2023-12-14', 130.25, 4, 9, 1, 1),
('2023-12-14', 77.76, 4, 54, 5, 5),
('2023-12-24', 87.31, 4, 22, 1, 1),
('2023-12-25', 20.42, 4, 20, 1, 1),
('2023-12-26', 157.27, 4, 8, 1, 1),
('2023-12-29', 31.00, 4, 62, 3, 3),
('2023-12-31', 237.90, 4, 68, 7, 7),
('2024-01-04', 58.93, 4, 22, 1, 1),
('2024-01-04', 36.01, 4, 56, 5, 5),
('2024-01-07', 105.44, 4, 3, 1, 1),
('2024-01-08', 79.44, 4, 8, 1, 1),
('2024-01-14', 73.23, 4, 54, 5, 5),
('2024-01-20', 15.25, 4, 20, 1, 1),
('2024-01-23', 165.05, 4, 71, 5, 5),
('2024-01-23', 19.26, 4, 60, 5, 5),
('2024-01-27', 236.82, 4, 70, 7, 7),
('2024-01-29', 12.24, 4, 20, 1, 1),
('2024-02-02', 75.47, 4, 23, 1, 1),
('2024-02-04', 114.38, 4, 9, 1, 1),
('2024-02-04', 50.09, 4, 60, 5, 5),
('2024-02-05', 190.72, 4, 75, 2, 2),
('2024-02-07', 104.89, 4, 9, 1, 1),
('2024-02-10', 25.39, 4, 60, 5, 5),
('2024-02-11', 9.31, 4, 20, 1, 1),
('2024-02-12', 76.03, 4, 54, 5, 5),
('2024-02-12', 502.03, 4, 93, 6, 6),
('2024-02-22', 8.00, 4, 20, 1, 1),
('2024-02-23', 65.50, 4, 23, 1, 1),
('2024-02-24', 15.59, 4, 62, 3, 3),
('2024-02-27', 100.25, 4, 8, 1, 1),
('2024-02-28', 137.99, 4, 70, 7, 7),
('2024-02-29', 183.27, 4, 71, 5, 5),
('2024-03-02', 15.45, 4, 62, 3, 3),
('2024-03-05', 14.21, 4, 20, 1, 1),
('2024-03-06', 43.29, 4, 56, 5, 5),
('2024-03-13', 98.81, 4, 9, 1, 1),
('2024-03-14', 268.46, 4, 71, 5, 5),
('2024-03-20', 15.62, 4, 60, 5, 5),
('2024-03-23', 232.88, 4, 70, 7, 7),
('2024-03-26', 70.05, 4, 23, 1, 1),
('2024-03-27', 95.54, 4, 8, 1, 1),
('2024-03-27', 67.31, 4, 27, 1, 1),
('2024-03-29', 117.78, 4, 9, 1, 1),
('2024-03-30', 69.76, 4, 54, 5, 5),
('2024-04-01', 91.47, 4, 23, 1, 1),
('2024-04-03', 15.51, 4, 19, 1, 1),
('2024-04-05', 107.12, 4, 22, 1, 1),
('2024-04-09', 156.55, 4, 71, 5, 5),
('2024-04-13', 55.86, 4, 60, 5, 5),
('2024-04-15', 37.21, 4, 56, 5, 5),
('2024-04-17', 111.39, 4, 3, 1, 1),
('2024-04-20', 85.71, 4, 3, 1, 1),
('2024-04-24', 94.91, 4, 9, 1, 1),
('2024-04-24', 204.94, 4, 70, 7, 7),
('2024-04-28', 12.96, 4, 20, 1, 1),
('2024-04-28', 69.97, 4, 54, 5, 5),
('2024-05-01', 136.03, 4, 3, 1, 1),
('2024-05-01', 194.38, 4, 71, 5, 5),
('2024-05-04', 528.00, 4, 92, 6, 6),
('2024-05-07', 179.42, 4, 70, 7, 7),
('2024-05-09', 72.22, 4, 54, 5, 5),
('2024-05-14', 86.26, 4, 3, 1, 1),
('2024-05-16', 23.12, 4, 56, 5, 5),
('2024-05-21', 98.40, 4, 20, 1, 1),
('2024-05-23', 139.03, 4, 75, 2, 2),
('2024-05-23', 21.33, 4, 60, 5, 5),
('2024-05-27', 8.97, 4, 20, 1, 1),
('2024-05-28', 13.17, 4, 19, 1, 1),
('2024-05-31', 123.00, 4, 9, 1, 1),
('2024-06-09', 38.38, 4, 56, 5, 5),
('2024-06-14', 70.37, 4, 60, 5, 5),
('2024-06-15', 76.10, 4, 54, 5, 5),
('2024-06-16', 44.38, 4, 22, 1, 1),
('2024-06-20', 31.90, 4, 62, 3, 3),
('2024-06-22', 126.89, 4, 3, 1, 1),
('2024-06-22', 228.07, 4, 71, 5, 5),
('2024-06-23', 15.16, 4, 20, 1, 1),
('2024-06-23', 215.79, 4, 70, 7, 7),
('2024-06-25', 146.86, 4, 9, 1, 1),
('2024-06-27', 15.24, 4, 20, 1, 1),
('2024-07-01', 199.51, 4, 71, 5, 5),
('2024-07-07', 135.07, 4, 9, 1, 1),
('2024-07-07', 32.60, 4, 60, 5, 5),
('2024-07-07', 34.58, 4, 62, 3, 3),
('2024-07-18', 14.72, 4, 19, 1, 1),
('2024-07-22', 115.83, 4, 3, 1, 1),
('2024-07-22', 65.01, 4, 54, 5, 5),
('2024-07-23', 105.81, 4, 23, 1, 1),
('2024-07-23', 10.53, 4, 19, 1, 1),
('2024-07-27', 178.84, 4, 70, 7, 7),
('2024-07-29', 224.90, 4, 75, 2, 2),
('2024-08-02', 68.57, 4, 54, 5, 5),
('2024-08-08', 121.72, 4, 3, 1, 1),
('2024-08-10', 133.73, 4, 8, 1, 1),
('2024-08-10', 208.35, 4, 71, 5, 5),
('2024-08-19', 229.98, 4, 70, 7, 7),
('2024-08-24', 66.12, 4, 27, 1, 1),
('2024-08-30', 113.18, 4, 9, 1, 1),
('2024-08-30', 15.77, 4, 19, 1, 1),
('2024-08-31', 92.59, 4, 22, 1, 1),
('2024-08-31', 26.06, 4, 60, 5, 5),
('2024-09-02', 93.68, 4, 9, 1, 1),
('2024-09-03', 107.86, 4, 20, 1, 1),
('2024-09-06', 13.87, 4, 20, 1, 1),
('2024-09-08', 264.84, 4, 71, 5, 5),
('2024-09-12', 31.16, 4, 56, 5, 5),
('2024-09-15', 128.71, 4, 8, 1, 1),
('2024-09-16', 108.35, 4, 20, 1, 1),
('2024-09-18', 153.22, 4, 75, 2, 2),
('2024-09-18', 58.99, 4, 60, 5, 5),
('2024-09-20', 87.20, 4, 3, 1, 1),
('2024-09-22', 66.92, 4, 54, 5, 5),
('2024-09-22', 235.14, 4, 68, 7, 7),
('2024-10-01', 134.68, 4, 9, 1, 1),
('2024-10-01', 69.18, 4, 54, 5, 5),
('2024-10-02', 63.71, 4, 23, 1, 1),
('2024-10-03', 127.05, 4, 68, 7, 7),
('2024-10-09', 112.41, 4, 9, 1, 1),
('2024-10-11', 81.11, 4, 22, 1, 1),
('2024-10-17', 128.17, 4, 9, 1, 1),
('2024-10-21', 55.84, 4, 60, 5, 5),
('2024-10-22', 231.84, 4, 71, 5, 5),
('2024-10-27', 20.20, 4, 56, 5, 5),
('2024-10-31', 15.73, 4, 20, 1, 1),
('2024-11-06', 70.67, 4, 54, 5, 5),
('2024-11-10', 208.05, 4, 68, 7, 7),
('2024-11-13', 38.23, 4, 60, 5, 5),
('2024-11-14', 113.61, 4, 3, 1, 1),
('2024-11-14', 71.84, 4, 27, 1, 1),
('2024-11-19', 142.23, 4, 9, 1, 1),
('2024-11-20', 21.26, 4, 56, 5, 5),
('2024-11-22', 54.41, 4, 22, 1, 1),
('2024-11-25', 17.01, 4, 20, 1, 1),
('2024-11-26', 34.04, 4, 62, 3, 3),
('2024-11-30', 215.37, 4, 71, 5, 5),
('2024-12-04', 103.13, 4, 3, 1, 1),
('2024-12-04', 30.08, 4, 60, 5, 5),
('2024-12-04', 145.66, 4, 68, 7, 7),
('2024-12-08', 230.20, 4, 71, 5, 5),
('2024-12-10', 71.01, 4, 20, 1, 1),
('2024-12-14', 21.32, 4, 20, 1, 1),
('2024-12-20', 129.56, 4, 3, 1, 1),
('2024-12-21', 70.99, 4, 54, 5, 5),
('2023-01-03', 94.36, 5, 15, 1, 1),
('2023-01-06', 3.42, 5, 37, 1, 1),
('2023-01-08', 33.15, 5, 8, 1, 1),
('2023-01-12', 35.31, 5, 8, 1, 1),
('2023-01-15', 29.50, 5, 33, 1, 1),
('2023-01-21', 4.88, 5, 38, 1, 1),
('2023-01-23', 42.54, 5, 40, 1, 1),
('2023-01-25', 27.39, 5, 66, 4, 4),
('2023-01-26', 4.48, 5, 38, 1, 1),
('2023-01-26', 4.15, 5, 35, 1, 1),
('2023-01-27', 74.03, 5, 68, 7, 7),
('2023-01-29', 17.81, 5, 56, 5, 5),
('2023-02-02', 21.24, 5, 63, 3, 3),
('2023-02-03', 85.92, 5, 4, 1, 1),
('2023-02-03', 73.22, 5, 68, 7, 7),
('2023-02-06', 24.45, 5, 66, 4, 4),
('2023-02-07', 48.32, 5, 8, 1, 1),
('2023-02-07', 62.44, 5, 40, 1, 1),
('2023-02-08', 101.95, 5, 47, 2, 2),
('2023-02-09', 42.85, 5, 40, 1, 1),
('2023-02-13', 4.40, 5, 35, 1, 1),
('2023-02-13', 4.91, 5, 37, 1, 1),
('2023-02-15', 5.40, 5, 37, 1, 1),
('2023-02-16', 48.81, 5, 21, 1, 1),
('2023-02-22', 34.42, 5, 47, 2, 2),
('2023-02-24', 6.69, 5, 37, 1, 1),
('2023-02-24', 33.86, 5, 63, 3, 3),
('2023-02-27', 74.13, 5, 15, 1, 1),
('2023-02-28', 68.08, 5, 4, 1, 1),
('2023-03-02', 70.14, 5, 33, 1, 1),
('2023-03-13', 68.66, 5, 15, 1, 1),
('2023-03-13', 55.96, 5, 66, 4, 4),
('2023-03-13', 29.17, 5, 63, 3, 3),
('2023-03-16', 51.31, 5, 39, 3, 3),
('2023-03-17', 104.10, 5, 69, 7, 7),
('2023-03-19', 75.88, 5, 43, 2, 2),
('2023-03-21', 17.31, 5, 56, 5, 5),
('2023-03-22', 46.18, 5, 15, 1, 1),
('2023-03-23', 7.48, 5, 35, 1, 1),
('2023-03-27', 4.84, 5, 35, 1, 1),
('2023-04-02', 34.07, 5, 47, 2, 2),
('2023-04-03', 204.15, 5, 95, 6, 6),
('2023-04-04', 5.93, 5, 38, 1, 1),
('2023-04-05', 14.96, 5, 63, 3, 3),
('2023-04-08', 36.94, 5, 8, 1, 1),
('2023-04-09', 49.04, 5, 4, 1, 1),
('2023-04-12', 51.12, 5, 39, 1, 1),
('2023-04-14', 7.24, 5, 35, 1, 1),
('2023-04-16', 4.84, 5, 37, 1, 1),
('2023-04-17', 14.08, 5, 39, 3, 3),
('2023-04-17', 107.91, 5, 68, 7, 7),
('2023-04-27', 65.20, 5, 43, 2, 2),
('2023-05-03', 30.23, 5, 32, 1, 1),
('2023-05-04', 4.27, 5, 35, 1, 1),
('2023-05-06', 52.23, 5, 15, 1, 1),
('2023-05-14', 7.67, 5, 35, 1, 1),
('2023-05-16', 49.30, 5, 39, 3, 3),
('2023-05-17', 32.41, 5, 33, 1, 1),
('2023-05-17', 54.47, 5, 61, 3, 3),
('2023-05-20', 44.99, 5, 8, 1, 1),
('2023-05-27', 104.03, 5, 8, 1, 1),
('2023-05-28', 8.02, 5, 35, 1, 1),
('2023-05-29', 46.82, 5, 66, 4, 4),
('2023-05-29', 106.89, 5, 69, 7, 7),
('2023-05-30', 44.32, 5, 40, 1, 1),
('2023-06-09', 47.99, 5, 21, 1, 1),
('2023-06-09', 5.23, 5, 35, 1, 1),
('2023-06-09', 71.02, 5, 63, 3, 3),
('2023-06-12', 91.32, 5, 8, 1, 1),
('2023-06-13', 7.28, 5, 35, 1, 1),
('2023-06-14', 69.67, 5, 4, 1, 1),
('2023-06-14', 46.12, 5, 39, 3, 3),
('2023-06-14', 87.61, 5, 69, 7, 7),
('2023-06-17', 4.92, 5, 37, 1, 1),
('2023-06-19', 22.95, 5, 21, 1, 1),
('2023-06-21', 47.76, 5, 64, 4, 4),
('2023-06-23', 85.45, 5, 4, 1, 1),
('2023-06-24', 7.87, 5, 35, 1, 1),
('2023-06-26', 80.73, 5, 15, 1, 1),
('2023-06-26', 5.79, 5, 38, 1, 1),
('2023-06-30', 73.20, 5, 33, 1, 1),
('2023-07-04', 5.59, 5, 38, 1, 1),
('2023-07-06', 72.22, 5, 47, 2, 2),
('2023-07-09', 136.81, 5, 8, 1, 1),
('2023-07-12', 92.37, 5, 15, 1, 1),
('2023-07-15', 8.20, 5, 37, 1, 1),
('2023-07-23', 109.60, 5, 43, 2, 2),
('2023-07-25', 65.93, 5, 21, 1, 1),
('2023-07-26', 6.16, 5, 35, 1, 1),
('2023-07-28', 76.85, 5, 39, 1, 1),
('2023-07-30', 90.01, 5, 68, 7, 7),
('2023-08-02', 104.72, 5, 15, 1, 1),
('2023-08-07', 72.64, 5, 40, 1, 1),
('2023-08-07', 4.55, 5, 35, 1, 1),
('2023-08-08', 69.71, 5, 8, 1, 1),
('2023-08-12', 5.45, 5, 37, 1, 1),
('2023-08-17', 6.67, 5, 37, 1, 1),
('2023-08-19', 24.88, 5, 61, 3, 3),
('2023-08-20', 97.96, 5, 15, 1, 1),
('2023-08-20', 5.15, 5, 37, 1, 1),
('2023-08-21', 49.13, 5, 39, 1, 1),
('2023-08-25', 39.58, 5, 64, 4, 4),
('2023-08-30', 64.51, 5, 69, 7, 7),
('2023-08-31', 55.93, 5, 21, 1, 1),
('2023-09-08', 88.80, 5, 4, 1, 1),
('2023-09-09', 26.78, 5, 40, 1, 1),
('2023-09-11', 8.18, 5, 35, 1, 1),
('2023-09-12', 64.34, 5, 15, 1, 1),
('2023-09-15', 119.36, 5, 8, 1, 1),
('2023-09-16', 65.81, 5, 68, 7, 7),
('2023-09-18', 4.50, 5, 38, 1, 1),
('2023-09-22', 38.24, 5, 39, 3, 3),
('2023-09-23', 20.95, 5, 56, 5, 5),
('2023-09-25', 31.22, 5, 64, 4, 4),
('2023-09-27', 84.34, 5, 8, 1, 1),
('2023-09-29', 83.13, 5, 47, 2, 2),
('2023-10-01', 57.05, 5, 33, 1, 1),
('2023-10-05', 98.95, 5, 68, 7, 7),
('2023-10-06', 124.18, 5, 47, 2, 2),
('2023-10-07', 24.15, 5, 61, 3, 3),
('2023-10-08', 32.24, 5, 32, 1, 1),
('2023-10-11', 5.41, 5, 35, 1, 1),
('2023-10-14', 115.99, 5, 8, 1, 1),
('2023-10-18', 7.73, 5, 38, 1, 1),
('2023-10-21', 100.98, 5, 4, 1, 1),
('2023-10-22', 93.11, 5, 15, 1, 1),
('2023-10-22', 59.93, 5, 33, 1, 1),
('2023-10-24', 27.99, 5, 66, 4, 4),
('2023-11-02', 6.71, 5, 38, 1, 1),
('2023-11-04', 29.54, 5, 56, 5, 5),
('2023-11-06', 87.43, 5, 68, 7, 7),
('2023-11-09', 42.76, 5, 40, 1, 1),
('2023-11-11', 81.74, 5, 8, 1, 1),
('2023-11-16', 28.57, 5, 40, 1, 1),
('2023-11-16', 8.53, 5, 37, 1, 1),
('2023-11-17', 5.93, 5, 35, 1, 1),
('2023-11-19', 19.07, 5, 63, 3, 3),
('2023-11-22', 81.77, 5, 4, 1, 1),
('2023-11-23', 22.37, 5, 66, 4, 4),
('2023-11-25', 117.85, 5, 4, 1, 1),
('2023-11-28', 80.75, 5, 8, 1, 1),
('2023-12-04', 60.75, 5, 61, 3, 3),
('2023-12-05', 90.04, 5, 43, 2, 2),
('2023-12-06', 61.61, 5, 40, 1, 1),
('2023-12-06', 82.96, 5, 43, 2, 2),
('2023-12-07', 84.65, 5, 15, 1, 1),
('2023-12-12', 58.19, 5, 15, 1, 1),
('2023-12-16', 145.33, 5, 15, 1, 1),
('2023-12-26', 6.18, 5, 38, 1, 1),
('2023-12-26', 26.42, 5, 56, 5, 5),
('2023-12-27', 5.50, 5, 38, 1, 1),
('2023-12-27', 72.71, 5, 68, 7, 7),
('2023-12-28', 48.79, 5, 32, 1, 1),
('2023-12-28', 6.90, 5, 37, 1, 1),
('2024-01-07', 42.17, 5, 40, 1, 1),
('2024-01-10', 60.36, 5, 43, 2, 2),
('2024-01-11', 71.41, 5, 69, 7, 7),
('2024-01-12', 68.37, 5, 15, 1, 1),
('2024-01-12', 27.02, 5, 4, 1, 1),
('2024-01-15', 6.42, 5, 38, 1, 1),
('2024-01-21', 20.85, 5, 56, 5, 5),
('2024-01-22', 5.14, 5, 35, 1, 1),
('2024-01-24', 51.10, 5, 15, 1, 1),
('2024-01-25', 4.37, 5, 38, 1, 1),
('2024-01-28', 47.41, 5, 40, 1, 1),
('2024-01-28', 32.67, 5, 49, 2, 2),
('2024-02-02', 20.61, 5, 49, 2, 2),
('2024-02-04', 3.83, 5, 38, 1, 1),
('2024-02-05', 52.80, 5, 33, 1, 1),
('2024-02-06', 23.43, 5, 39, 1, 1),
('2024-02-07', 4.20, 5, 37, 1, 1),
('2024-02-08', 22.60, 5, 63, 3, 3),
('2024-02-10', 84.55, 5, 8, 1, 1),
('2024-02-17', 93.73, 5, 43, 2, 2),
('2024-02-20', 23.59, 5, 64, 4, 4),
('2024-02-21', 59.03, 5, 15, 1, 1),
('2024-02-21', 66.32, 5, 68, 7, 7),
('2024-02-24', 74.54, 5, 15, 1, 1),
('2024-02-25', 96.89, 5, 15, 1, 1),
('2024-03-02', 85.23, 5, 15, 1, 1),
('2024-03-06', 47.93, 5, 32, 1, 1),
('2024-03-09', 4.39, 5, 37, 1, 1),
('2024-03-10', 7.25, 5, 38, 1, 1),
('2024-03-10', 36.83, 5, 66, 4, 4),
('2024-03-10', 11.86, 5, 63, 3, 3),
('2024-03-15', 4.97, 5, 38, 1, 1),
('2024-03-17', 6.23, 5, 35, 1, 1),
('2024-03-18', 39.61, 5, 40, 1, 1),
('2024-03-18', 4.66, 5, 37, 1, 1),
('2024-03-20', 71.56, 5, 68, 7, 7),
('2024-03-28', 69.21, 5, 8, 1, 1),
('2024-03-30', 36.17, 5, 63, 3, 3),
('2024-04-01', 21.85, 5, 61, 3, 3),
('2024-04-10', 6.59, 5, 35, 1, 1),
('2024-04-10', 4.44, 5, 38, 1, 1),
('2024-04-10', 26.27, 5, 39, 3, 3),
('2024-04-12', 46.97, 5, 8, 1, 1),
('2024-04-14', 65.53, 5, 4, 1, 1),
('2024-04-14', 52.52, 5, 40, 1, 1),
('2024-04-15', 49.93, 5, 47, 2, 2),
('2024-04-16', 40.66, 5, 43, 2, 2),
('2024-04-23', 96.34, 5, 15, 1, 1),
('2024-04-24', 60.41, 5, 68, 7, 7),
('2024-04-26', 5.08, 5, 37, 1, 1),
('2024-04-27', 64.05, 5, 15, 1, 1),
('2024-04-28', 4.27, 5, 37, 1, 1),
('2024-05-07', 83.04, 5, 68, 7, 7),
('2024-05-09', 7.46, 5, 37, 1, 1),
('2024-05-10', 105.75, 5, 15, 1, 1),
('2024-05-11', 20.80, 5, 21, 1, 1),
('2024-05-15', 59.66, 5, 39, 1, 1),
('2024-05-16', 52.02, 5, 15, 1, 1),
('2024-05-18', 6.17, 5, 37, 1, 1),
('2024-05-25', 66.86, 5, 61, 3, 3),
('2024-05-27', 65.07, 5, 43, 2, 2),
('2024-06-04', 33.22, 5, 33, 1, 1),
('2024-06-04', 6.14, 5, 37, 1, 1),
('2024-06-06', 7.90, 5, 35, 1, 1),
('2024-06-06', 85.00, 5, 69, 7, 7),
('2024-06-07', 40.29, 5, 39, 1, 1),
('2024-06-13', 100.46, 5, 15, 1, 1),
('2024-06-21', 6.31, 5, 37, 1, 1),
('2024-06-22', 130.23, 5, 15, 1, 1),
('2024-06-23', 48.23, 5, 64, 4, 4),
('2024-06-24', 37.18, 5, 8, 1, 1),
('2024-06-28', 60.50, 5, 39, 1, 1),
('2024-06-30', 64.98, 5, 8, 1, 1),
('2024-07-01', 395.58, 5, 95, 6, 6),
('2024-07-02', 40.69, 5, 8, 1, 1),
('2024-07-03', 46.17, 5, 63, 3, 3),
('2024-07-05', 107.09, 5, 4, 1, 1),
('2024-07-05', 84.99, 5, 15, 1, 1),
('2024-07-10', 7.10, 5, 38, 1, 1),
('2024-07-11', 56.69, 5, 64, 4, 4),
('2024-07-12', 67.23, 5, 33, 1, 1),
('2024-07-16', 7.85, 5, 35, 1, 1),
('2024-07-18', 116.12, 5, 15, 1, 1),
('2024-07-24', 30.56, 5, 32, 1, 1),
('2024-07-27', 73.17, 5, 69, 7, 7),
('2024-07-30', 66.25, 5, 61, 3, 3),
('2024-08-06', 120.41, 5, 8, 1, 1),
('2024-08-08', 64.75, 5, 4, 1, 1),
('2024-08-16', 69.58, 5, 68, 7, 7),
('2024-08-17', 61.59, 5, 40, 1, 1),
('2024-08-17', 7.30, 5, 37, 1, 1),
('2024-08-20', 5.65, 5, 38, 1, 1),
('2024-08-21', 5.82, 5, 37, 1, 1),
('2024-08-22', 128.75, 5, 15, 1, 1),
('2024-08-28', 69.04, 5, 8, 1, 1),
('2024-09-03', 60.67, 5, 66, 4, 4),
('2024-09-08', 88.76, 5, 4, 1, 1),
('2024-09-12', 6.54, 5, 38, 1, 1),
('2024-09-15', 7.56, 5, 37, 1, 1),
('2024-09-16', 81.19, 5, 8, 1, 1),
('2024-09-17', 9.55, 5, 56, 5, 5),
('2024-09-18', 79.27, 5, 68, 7, 7),
('2024-09-19', 55.69, 5, 15, 1, 1),
('2024-09-21', 110.53, 5, 8, 1, 1),
('2024-09-26', 102.82, 5, 47, 2, 2),
('2024-09-30', 73.78, 5, 32, 1, 1),
('2024-10-14', 104.06, 5, 49, 2, 2),
('2024-10-15', 57.15, 5, 32, 1, 1),
('2024-10-18', 67.37, 5, 4, 1, 1),
('2024-10-18', 39.09, 5, 33, 1, 1),
('2024-10-18', 7.99, 5, 38, 1, 1),
('2024-10-18', 7.97, 5, 38, 1, 1),
('2024-10-20', 14.50, 5, 56, 5, 5),
('2024-10-22', 52.39, 5, 8, 1, 1),
('2024-10-24', 61.73, 5, 69, 7, 7),
('2024-10-25', 87.48, 5, 15, 1, 1),
('2024-10-25', 42.01, 5, 64, 4, 4),
('2024-10-29', 21.25, 5, 21, 1, 1),
('2024-10-30', 5.41, 5, 38, 1, 1),
('2024-10-31', 46.10, 5, 8, 1, 1),
('2024-10-31', 35.98, 5, 63, 3, 3),
('2024-11-01', 62.73, 5, 4, 1, 1),
('2024-11-02', 6.43, 5, 37, 1, 1),
('2024-11-05', 131.35, 5, 15, 1, 1),
('2024-11-05', 5.57, 5, 35, 1, 1),
('2024-11-07', 117.72, 5, 4, 1, 1),
('2024-11-16', 101.29, 5, 68, 7, 7),
('2024-11-19', 77.61, 5, 21, 1, 1),
('2024-11-24', 32.13, 5, 63, 3, 3),
('2024-11-25', 114.37, 5, 8, 1, 1),
('2024-11-26', 35.21, 5, 64, 4, 4),
('2024-11-30', 53.04, 5, 40, 1, 1),
('2024-11-30', 25.88, 5, 61, 3, 3),
('2024-12-02', 6.52, 5, 37, 1, 1),
('2024-12-12', 136.48, 5, 15, 1, 1),
('2024-12-15', 97.64, 5, 68, 7, 7),
('2024-12-18', 102.68, 5, 49, 2, 2),
('2024-12-21', 71.29, 5, 8, 1, 1),
('2024-12-21', 8.89, 5, 38, 1, 1),
('2024-12-24', 67.71, 5, 40, 1, 1),
('2024-12-25', 43.79, 5, 15, 1, 1),
('2024-12-26', 102.33, 5, 4, 1, 1),
('2024-12-30', 83.84, 5, 21, 1, 1);

-- Monthly budgets for 2024 (calibrated against actual spend)
INSERT INTO Budgets (amount, start_date, end_date, notification_threshold, category_id, user_id)
VALUES
(520.00, '2024-01-01', '2024-01-31', 416.00, 1, 1),
(140.00, '2024-01-01', '2024-01-31', 112.00, 2, 1),
(230.00, '2024-01-01', '2024-01-31', 184.00, 5, 1),
(80.00, '2024-01-01', '2024-01-31', 64.00, 4, 1),
(520.00, '2024-02-01', '2024-02-29', 416.00, 1, 1),
(140.00, '2024-02-01', '2024-02-29', 112.00, 2, 1),
(230.00, '2024-02-01', '2024-02-29', 184.00, 5, 1),
(80.00, '2024-02-01', '2024-02-29', 64.00, 4, 1),
(520.00, '2024-03-01', '2024-03-31', 416.00, 1, 1),
(140.00, '2024-03-01', '2024-03-31', 112.00, 2, 1),
(230.00, '2024-03-01', '2024-03-31', 184.00, 5, 1),
(80.00, '2024-03-01', '2024-03-31', 64.00, 4, 1),
(520.00, '2024-04-01', '2024-04-30', 416.00, 1, 1),
(140.00, '2024-04-01', '2024-04-30', 112.00, 2, 1),
(230.00, '2024-04-01', '2024-04-30', 184.00, 5, 1),
(80.00, '2024-04-01', '2024-04-30', 64.00, 4, 1),
(520.00, '2024-05-01', '2024-05-31', 416.00, 1, 1),
(140.00, '2024-05-01', '2024-05-31', 112.00, 2, 1),
(230.00, '2024-05-01', '2024-05-31', 184.00, 5, 1),
(80.00, '2024-05-01', '2024-05-31', 64.00, 4, 1),
(520.00, '2024-06-01', '2024-06-30', 416.00, 1, 1),
(140.00, '2024-06-01', '2024-06-30', 112.00, 2, 1),
(230.00, '2024-06-01', '2024-06-30', 184.00, 5, 1),
(80.00, '2024-06-01', '2024-06-30', 64.00, 4, 1),
(520.00, '2024-07-01', '2024-07-31', 416.00, 1, 1),
(140.00, '2024-07-01', '2024-07-31', 112.00, 2, 1),
(230.00, '2024-07-01', '2024-07-31', 184.00, 5, 1),
(80.00, '2024-07-01', '2024-07-31', 64.00, 4, 1),
(520.00, '2024-08-01', '2024-08-31', 416.00, 1, 1),
(140.00, '2024-08-01', '2024-08-31', 112.00, 2, 1),
(230.00, '2024-08-01', '2024-08-31', 184.00, 5, 1),
(80.00, '2024-08-01', '2024-08-31', 64.00, 4, 1),
(520.00, '2024-09-01', '2024-09-30', 416.00, 1, 1),
(140.00, '2024-09-01', '2024-09-30', 112.00, 2, 1),
(230.00, '2024-09-01', '2024-09-30', 184.00, 5, 1),
(80.00, '2024-09-01', '2024-09-30', 64.00, 4, 1),
(520.00, '2024-10-01', '2024-10-31', 416.00, 1, 1),
(140.00, '2024-10-01', '2024-10-31', 112.00, 2, 1),
(230.00, '2024-10-01', '2024-10-31', 184.00, 5, 1),
(80.00, '2024-10-01', '2024-10-31', 64.00, 4, 1),
(520.00, '2024-11-01', '2024-11-30', 416.00, 1, 1),
(140.00, '2024-11-01', '2024-11-30', 112.00, 2, 1),
(230.00, '2024-11-01', '2024-11-30', 184.00, 5, 1),
(80.00, '2024-11-01', '2024-11-30', 64.00, 4, 1),
(520.00, '2024-12-01', '2024-12-31', 416.00, 1, 1),
(140.00, '2024-12-01', '2024-12-31', 112.00, 2, 1),
(230.00, '2024-12-01', '2024-12-31', 184.00, 5, 1),
(80.00, '2024-12-01', '2024-12-31', 64.00, 4, 1),
(300.00, '2024-01-01', '2024-01-31', 240.00, 1, 2),
(100.00, '2024-01-01', '2024-01-31', 80.00, 2, 2),
(80.00, '2024-01-01', '2024-01-31', 64.00, 3, 2),
(75.00, '2024-01-01', '2024-01-31', 60.00, 4, 2),
(300.00, '2024-02-01', '2024-02-29', 240.00, 1, 2),
(100.00, '2024-02-01', '2024-02-29', 80.00, 2, 2),
(80.00, '2024-02-01', '2024-02-29', 64.00, 3, 2),
(75.00, '2024-02-01', '2024-02-29', 60.00, 4, 2),
(300.00, '2024-03-01', '2024-03-31', 240.00, 1, 2),
(100.00, '2024-03-01', '2024-03-31', 80.00, 2, 2),
(80.00, '2024-03-01', '2024-03-31', 64.00, 3, 2),
(75.00, '2024-03-01', '2024-03-31', 60.00, 4, 2),
(300.00, '2024-04-01', '2024-04-30', 240.00, 1, 2),
(100.00, '2024-04-01', '2024-04-30', 80.00, 2, 2),
(80.00, '2024-04-01', '2024-04-30', 64.00, 3, 2),
(75.00, '2024-04-01', '2024-04-30', 60.00, 4, 2),
(300.00, '2024-05-01', '2024-05-31', 240.00, 1, 2),
(100.00, '2024-05-01', '2024-05-31', 80.00, 2, 2),
(80.00, '2024-05-01', '2024-05-31', 64.00, 3, 2),
(75.00, '2024-05-01', '2024-05-31', 60.00, 4, 2),
(300.00, '2024-06-01', '2024-06-30', 240.00, 1, 2),
(100.00, '2024-06-01', '2024-06-30', 80.00, 2, 2),
(80.00, '2024-06-01', '2024-06-30', 64.00, 3, 2),
(75.00, '2024-06-01', '2024-06-30', 60.00, 4, 2),
(300.00, '2024-07-01', '2024-07-31', 240.00, 1, 2),
(100.00, '2024-07-01', '2024-07-31', 80.00, 2, 2),
(80.00, '2024-07-01', '2024-07-31', 64.00, 3, 2),
(75.00, '2024-07-01', '2024-07-31', 60.00, 4, 2),
(300.00, '2024-08-01', '2024-08-31', 240.00, 1, 2),
(100.00, '2024-08-01', '2024-08-31', 80.00, 2, 2),
(80.00, '2024-08-01', '2024-08-31', 64.00, 3, 2),
(75.00, '2024-08-01', '2024-08-31', 60.00, 4, 2),
(300.00, '2024-09-01', '2024-09-30', 240.00, 1, 2),
(100.00, '2024-09-01', '2024-09-30', 80.00, 2, 2),
(80.00, '2024-09-01', '2024-09-30', 64.00, 3, 2),
(75.00, '2024-09-01', '2024-09-30', 60.00, 4, 2),
(300.00, '2024-10-01', '2024-10-31', 240.00, 1, 2),
(100.00, '2024-10-01', '2024-10-31', 80.00, 2, 2),
(80.00, '2024-10-01', '2024-10-31', 64.00, 3, 2),
(75.00, '2024-10-01', '2024-10-31', 60.00, 4, 2),
(300.00, '2024-11-01', '2024-11-30', 240.00, 1, 2),
(100.00, '2024-11-01', '2024-11-30', 80.00, 2, 2),
(80.00, '2024-11-01', '2024-11-30', 64.00, 3, 2),
(75.00, '2024-11-01', '2024-11-30', 60.00, 4, 2),
(300.00, '2024-12-01', '2024-12-31', 240.00, 1, 2),
(100.00, '2024-12-01', '2024-12-31', 80.00, 2, 2),
(80.00, '2024-12-01', '2024-12-31', 64.00, 3, 2),
(75.00, '2024-12-01', '2024-12-31', 60.00, 4, 2),
(700.00, '2024-01-01', '2024-01-31', 560.00, 1, 3),
(200.00, '2024-01-01', '2024-01-31', 160.00, 2, 3),
(180.00, '2024-01-01', '2024-01-31', 144.00, 4, 3),
(1300.00, '2024-01-01', '2024-01-31', 1040.00, 7, 3),
(700.00, '2024-02-01', '2024-02-29', 560.00, 1, 3),
(200.00, '2024-02-01', '2024-02-29', 160.00, 2, 3),
(180.00, '2024-02-01', '2024-02-29', 144.00, 4, 3),
(1300.00, '2024-02-01', '2024-02-29', 1040.00, 7, 3),
(700.00, '2024-03-01', '2024-03-31', 560.00, 1, 3),
(200.00, '2024-03-01', '2024-03-31', 160.00, 2, 3),
(180.00, '2024-03-01', '2024-03-31', 144.00, 4, 3),
(1300.00, '2024-03-01', '2024-03-31', 1040.00, 7, 3),
(700.00, '2024-04-01', '2024-04-30', 560.00, 1, 3),
(200.00, '2024-04-01', '2024-04-30', 160.00, 2, 3),
(180.00, '2024-04-01', '2024-04-30', 144.00, 4, 3),
(1300.00, '2024-04-01', '2024-04-30', 1040.00, 7, 3),
(700.00, '2024-05-01', '2024-05-31', 560.00, 1, 3),
(200.00, '2024-05-01', '2024-05-31', 160.00, 2, 3),
(180.00, '2024-05-01', '2024-05-31', 144.00, 4, 3),
(1300.00, '2024-05-01', '2024-05-31', 1040.00, 7, 3),
(700.00, '2024-06-01', '2024-06-30', 560.00, 1, 3),
(200.00, '2024-06-01', '2024-06-30', 160.00, 2, 3),
(180.00, '2024-06-01', '2024-06-30', 144.00, 4, 3),
(1300.00, '2024-06-01', '2024-06-30', 1040.00, 7, 3),
(700.00, '2024-07-01', '2024-07-31', 560.00, 1, 3),
(200.00, '2024-07-01', '2024-07-31', 160.00, 2, 3),
(180.00, '2024-07-01', '2024-07-31', 144.00, 4, 3),
(1300.00, '2024-07-01', '2024-07-31', 1040.00, 7, 3),
(700.00, '2024-08-01', '2024-08-31', 560.00, 1, 3),
(200.00, '2024-08-01', '2024-08-31', 160.00, 2, 3),
(180.00, '2024-08-01', '2024-08-31', 144.00, 4, 3),
(1300.00, '2024-08-01', '2024-08-31', 1040.00, 7, 3),
(700.00, '2024-09-01', '2024-09-30', 560.00, 1, 3),
(200.00, '2024-09-01', '2024-09-30', 160.00, 2, 3),
(180.00, '2024-09-01', '2024-09-30', 144.00, 4, 3),
(1300.00, '2024-09-01', '2024-09-30', 1040.00, 7, 3),
(700.00, '2024-10-01', '2024-10-31', 560.00, 1, 3),
(200.00, '2024-10-01', '2024-10-31', 160.00, 2, 3),
(180.00, '2024-10-01', '2024-10-31', 144.00, 4, 3),
(1300.00, '2024-10-01', '2024-10-31', 1040.00, 7, 3),
(700.00, '2024-11-01', '2024-11-30', 560.00, 1, 3),
(200.00, '2024-11-01', '2024-11-30', 160.00, 2, 3),
(180.00, '2024-11-01', '2024-11-30', 144.00, 4, 3),
(1300.00, '2024-11-01', '2024-11-30', 1040.00, 7, 3),
(700.00, '2024-12-01', '2024-12-31', 560.00, 1, 3),
(200.00, '2024-12-01', '2024-12-31', 160.00, 2, 3),
(180.00, '2024-12-01', '2024-12-31', 144.00, 4, 3),
(1300.00, '2024-12-01', '2024-12-31', 1040.00, 7, 3),
(500.00, '2024-01-01', '2024-01-31', 400.00, 1, 4),
(350.00, '2024-01-01', '2024-01-31', 280.00, 5, 4),
(180.00, '2024-01-01', '2024-01-31', 144.00, 2, 4),
(220.00, '2024-01-01', '2024-01-31', 176.00, 7, 4),
(500.00, '2024-02-01', '2024-02-29', 400.00, 1, 4),
(350.00, '2024-02-01', '2024-02-29', 280.00, 5, 4),
(180.00, '2024-02-01', '2024-02-29', 144.00, 2, 4),
(220.00, '2024-02-01', '2024-02-29', 176.00, 7, 4),
(500.00, '2024-03-01', '2024-03-31', 400.00, 1, 4),
(350.00, '2024-03-01', '2024-03-31', 280.00, 5, 4),
(180.00, '2024-03-01', '2024-03-31', 144.00, 2, 4),
(220.00, '2024-03-01', '2024-03-31', 176.00, 7, 4),
(500.00, '2024-04-01', '2024-04-30', 400.00, 1, 4),
(350.00, '2024-04-01', '2024-04-30', 280.00, 5, 4),
(180.00, '2024-04-01', '2024-04-30', 144.00, 2, 4),
(220.00, '2024-04-01', '2024-04-30', 176.00, 7, 4),
(500.00, '2024-05-01', '2024-05-31', 400.00, 1, 4),
(350.00, '2024-05-01', '2024-05-31', 280.00, 5, 4),
(180.00, '2024-05-01', '2024-05-31', 144.00, 2, 4),
(220.00, '2024-05-01', '2024-05-31', 176.00, 7, 4),
(500.00, '2024-06-01', '2024-06-30', 400.00, 1, 4),
(350.00, '2024-06-01', '2024-06-30', 280.00, 5, 4),
(180.00, '2024-06-01', '2024-06-30', 144.00, 2, 4),
(220.00, '2024-06-01', '2024-06-30', 176.00, 7, 4),
(500.00, '2024-07-01', '2024-07-31', 400.00, 1, 4),
(350.00, '2024-07-01', '2024-07-31', 280.00, 5, 4),
(180.00, '2024-07-01', '2024-07-31', 144.00, 2, 4),
(220.00, '2024-07-01', '2024-07-31', 176.00, 7, 4),
(500.00, '2024-08-01', '2024-08-31', 400.00, 1, 4),
(350.00, '2024-08-01', '2024-08-31', 280.00, 5, 4),
(180.00, '2024-08-01', '2024-08-31', 144.00, 2, 4),
(220.00, '2024-08-01', '2024-08-31', 176.00, 7, 4),
(500.00, '2024-09-01', '2024-09-30', 400.00, 1, 4),
(350.00, '2024-09-01', '2024-09-30', 280.00, 5, 4),
(180.00, '2024-09-01', '2024-09-30', 144.00, 2, 4),
(220.00, '2024-09-01', '2024-09-30', 176.00, 7, 4),
(500.00, '2024-10-01', '2024-10-31', 400.00, 1, 4),
(350.00, '2024-10-01', '2024-10-31', 280.00, 5, 4),
(180.00, '2024-10-01', '2024-10-31', 144.00, 2, 4),
(220.00, '2024-10-01', '2024-10-31', 176.00, 7, 4),
(500.00, '2024-11-01', '2024-11-30', 400.00, 1, 4),
(350.00, '2024-11-01', '2024-11-30', 280.00, 5, 4),
(180.00, '2024-11-01', '2024-11-30', 144.00, 2, 4),
(220.00, '2024-11-01', '2024-11-30', 176.00, 7, 4),
(500.00, '2024-12-01', '2024-12-31', 400.00, 1, 4),
(350.00, '2024-12-01', '2024-12-31', 280.00, 5, 4),
(180.00, '2024-12-01', '2024-12-31', 144.00, 2, 4),
(220.00, '2024-12-01', '2024-12-31', 176.00, 7, 4),
(400.00, '2024-01-01', '2024-01-31', 320.00, 1, 5),
(120.00, '2024-01-01', '2024-01-31', 96.00, 2, 5),
(90.00, '2024-01-01', '2024-01-31', 72.00, 3, 5),
(100.00, '2024-01-01', '2024-01-31', 80.00, 7, 5),
(400.00, '2024-02-01', '2024-02-29', 320.00, 1, 5),
(120.00, '2024-02-01', '2024-02-29', 96.00, 2, 5),
(90.00, '2024-02-01', '2024-02-29', 72.00, 3, 5),
(100.00, '2024-02-01', '2024-02-29', 80.00, 7, 5),
(400.00, '2024-03-01', '2024-03-31', 320.00, 1, 5),
(120.00, '2024-03-01', '2024-03-31', 96.00, 2, 5),
(90.00, '2024-03-01', '2024-03-31', 72.00, 3, 5),
(100.00, '2024-03-01', '2024-03-31', 80.00, 7, 5),
(400.00, '2024-04-01', '2024-04-30', 320.00, 1, 5),
(120.00, '2024-04-01', '2024-04-30', 96.00, 2, 5),
(90.00, '2024-04-01', '2024-04-30', 72.00, 3, 5),
(100.00, '2024-04-01', '2024-04-30', 80.00, 7, 5),
(400.00, '2024-05-01', '2024-05-31', 320.00, 1, 5),
(120.00, '2024-05-01', '2024-05-31', 96.00, 2, 5),
(90.00, '2024-05-01', '2024-05-31', 72.00, 3, 5),
(100.00, '2024-05-01', '2024-05-31', 80.00, 7, 5),
(400.00, '2024-06-01', '2024-06-30', 320.00, 1, 5),
(120.00, '2024-06-01', '2024-06-30', 96.00, 2, 5),
(90.00, '2024-06-01', '2024-06-30', 72.00, 3, 5),
(100.00, '2024-06-01', '2024-06-30', 80.00, 7, 5),
(400.00, '2024-07-01', '2024-07-31', 320.00, 1, 5),
(120.00, '2024-07-01', '2024-07-31', 96.00, 2, 5),
(90.00, '2024-07-01', '2024-07-31', 72.00, 3, 5),
(100.00, '2024-07-01', '2024-07-31', 80.00, 7, 5),
(400.00, '2024-08-01', '2024-08-31', 320.00, 1, 5),
(120.00, '2024-08-01', '2024-08-31', 96.00, 2, 5),
(90.00, '2024-08-01', '2024-08-31', 72.00, 3, 5),
(100.00, '2024-08-01', '2024-08-31', 80.00, 7, 5),
(400.00, '2024-09-01', '2024-09-30', 320.00, 1, 5),
(120.00, '2024-09-01', '2024-09-30', 96.00, 2, 5),
(90.00, '2024-09-01', '2024-09-30', 72.00, 3, 5),
(100.00, '2024-09-01', '2024-09-30', 80.00, 7, 5),
(400.00, '2024-10-01', '2024-10-31', 320.00, 1, 5),
(120.00, '2024-10-01', '2024-10-31', 96.00, 2, 5),
(90.00, '2024-10-01', '2024-10-31', 72.00, 3, 5),
(100.00, '2024-10-01', '2024-10-31', 80.00, 7, 5),
(400.00, '2024-11-01', '2024-11-30', 320.00, 1, 5),
(120.00, '2024-11-01', '2024-11-30', 96.00, 2, 5),
(90.00, '2024-11-01', '2024-11-30', 72.00, 3, 5),
(100.00, '2024-11-01', '2024-11-30', 80.00, 7, 5),
(400.00, '2024-12-01', '2024-12-31', 320.00, 1, 5),
(120.00, '2024-12-01', '2024-12-31', 96.00, 2, 5),
(90.00, '2024-12-01', '2024-12-31', 72.00, 3, 5),
(100.00, '2024-12-01', '2024-12-31', 80.00, 7, 5);

-- Sample transactions for select receipts
INSERT INTO Transactions (unit_cost, quantity, receipt_id, item_name)
VALUES
(10.89, 3, 788, 'Organic Blueberries'),
(42.46, 3, 788, 'Whole Milk'),
(21.94, 2, 1383, 'Greek Yogurt'),
(13.17, 1, 1383, 'Rotisserie Chicken'),
(23.31, 3, 968, 'Pasta Sauce'),
(7.69, 1, 968, 'Organic Bananas'),
(48.91, 2, 968, 'Organic Blueberries'),
(5.61, 3, 1265, 'Whole Milk'),
(10.09, 3, 1265, 'Avocados'),
(24.91, 1, 1265, 'Organic Blueberries'),
(16.39, 1, 1265, 'Kombucha'),
(41.16, 1, 1265, 'Whole Milk'),
(9.86, 1, 504, 'Sparkling Water'),
(5.16, 3, 504, 'Whole Milk'),
(21.96, 3, 504, 'Whole Milk'),
(0.50, 2, 504, 'Sparkling Water'),
(24.32, 2, 425, 'Sourdough Bread'),
(3.99, 2, 425, 'Greek Yogurt'),
(0.50, 3, 425, 'Almond Butter'),
(9.11, 1, 1106, 'Almond Butter'),
(24.90, 2, 1106, 'Sourdough Bread'),
(24.18, 3, 1106, 'Sourdough Bread'),
(14.82, 1, 248, 'Greek Yogurt'),
(9.30, 1, 248, 'Mixed Greens'),
(12.17, 3, 248, 'Sourdough Bread'),
(24.11, 2, 1507, 'Greek Yogurt'),
(36.09, 2, 1507, 'Organic Blueberries'),
(4.46, 1, 149, 'Sourdough Bread'),
(19.54, 1, 149, 'Free Range Eggs'),
(15.04, 3, 149, 'Kombucha'),
(11.37, 3, 149, 'Sparkling Water'),
(2.60, 3, 1284, 'Sparkling Water'),
(19.94, 3, 1284, 'Rotisserie Chicken'),
(0.50, 3, 1284, 'Sourdough Bread'),
(21.60, 1, 893, 'Avocados'),
(4.63, 2, 893, 'Olive Oil'),
(2.44, 1, 893, 'Almond Butter'),
(13.49, 2, 893, 'Organic Bananas'),
(0.50, 3, 893, 'Sparkling Water'),
(6.07, 1, 253, 'Almond Butter'),
(13.27, 3, 253, 'Pasta Sauce'),
(20.91, 2, 253, 'Greek Yogurt'),
(19.85, 2, 1563, 'Chicken Breast'),
(9.20, 3, 1563, 'Whole Milk'),
(5.51, 3, 1563, 'Atlantic Salmon'),
(21.02, 2, 1391, 'Pasta Sauce'),
(58.94, 1, 1391, 'Atlantic Salmon'),
(10.91, 3, 415, 'Atlantic Salmon'),
(4.93, 1, 415, 'Atlantic Salmon'),
(7.50, 2, 415, 'Whole Milk'),
(1.69, 2, 415, 'Organic Blueberries'),
(0.50, 3, 415, 'Organic Blueberries'),
(21.09, 2, 440, 'Sourdough Bread'),
(20.61, 1, 440, 'Pasta Sauce'),
(23.57, 3, 1517, 'Free Range Eggs'),
(9.02, 2, 1517, 'Sourdough Bread'),
(2.57, 2, 727, 'Greek Yogurt'),
(22.62, 3, 727, 'Pasta Sauce'),
(4.07, 2, 727, 'Almond Butter'),
(16.92, 3, 727, 'Greek Yogurt'),
(1.70, 3, 727, 'Free Range Eggs'),
(18.24, 1, 1534, 'Rotisserie Chicken'),
(34.15, 1, 1534, 'Avocados'),
(14.66, 2, 1267, 'Free Range Eggs'),
(22.98, 1, 1267, 'Atlantic Salmon'),
(21.98, 1, 1267, 'Sourdough Bread'),
(2.52, 3, 1267, 'Free Range Eggs'),
(6.26, 2, 1267, 'Organic Blueberries'),
(6.16, 3, 723, 'Organic Blueberries'),
(2.05, 1, 723, 'Sourdough Bread'),
(7.51, 1, 723, 'Kombucha'),
(8.06, 3, 723, 'Olive Oil'),
(0.50, 1, 723, 'Olive Oil'),
(11.43, 2, 854, 'Olive Oil'),
(8.19, 3, 854, 'Rotisserie Chicken'),
(0.50, 3, 854, 'Sparkling Water'),
(6.25, 1, 844, 'Almond Butter'),
(10.03, 3, 844, 'Atlantic Salmon'),
(17.34, 1, 844, 'Sourdough Bread'),
(49.89, 2, 844, 'Organic Blueberries'),
(11.59, 1, 216, 'Atlantic Salmon'),
(87.47, 1, 216, 'Free Range Eggs'),
(19.23, 2, 904, 'Free Range Eggs'),
(4.14, 1, 904, 'Avocados'),
(10.48, 2, 904, 'Organic Blueberries'),
(78.86, 1, 904, 'Whole Milk'),
(12.83, 2, 1375, 'Rotisserie Chicken'),
(21.77, 3, 1375, 'Mixed Greens'),
(8.22, 3, 1375, 'Greek Yogurt'),
(2.05, 3, 1375, 'Almond Butter'),
(0.50, 1, 1375, 'Atlantic Salmon'),
(17.84, 3, 1067, 'Olive Oil'),
(27.44, 2, 1067, 'Organic Blueberries'),
(15.23, 3, 267, 'Kombucha'),
(16.13, 1, 267, 'Avocados'),
(13.09, 3, 267, 'Olive Oil'),
(0.50, 2, 267, 'Olive Oil'),
(8.68, 3, 337, 'Sparkling Water'),
(4.72, 1, 337, 'Almond Butter'),
(13.78, 3, 337, 'Pasta Sauce'),
(24.98, 3, 1335, 'Almond Butter'),
(16.38, 1, 1335, 'Chicken Breast'),
(20.54, 3, 1359, 'Avocados'),
(4.95, 1, 1359, 'Almond Butter'),
(3.30, 2, 1359, 'Organic Blueberries'),
(0.50, 2, 1359, 'Organic Blueberries'),
(17.77, 1, 1187, 'Organic Bananas'),
(18.66, 2, 1187, 'Greek Yogurt'),
(6.46, 1, 1187, 'Organic Bananas'),
(12.28, 3, 1187, 'Greek Yogurt'),
(16.85, 1, 1134, 'Olive Oil'),
(16.43, 1, 1134, 'Olive Oil'),
(20.03, 2, 1134, 'Greek Yogurt'),
(2.09, 3, 1134, 'Chicken Breast'),
(0.50, 3, 1134, 'Organic Blueberries'),
(15.28, 1, 701, 'Organic Bananas'),
(3.52, 2, 701, 'Greek Yogurt'),
(21.34, 2, 701, 'Sourdough Bread'),
(44.09, 2, 701, 'Greek Yogurt'),
(15.69, 1, 1058, 'Whole Milk'),
(21.73, 3, 1058, 'Organic Blueberries'),
(13.55, 2, 1058, 'Atlantic Salmon'),
(22.17, 2, 1126, 'Rotisserie Chicken'),
(21.08, 2, 1126, 'Avocados'),
(1.20, 1, 1126, 'Organic Blueberries'),
(1.16, 1, 1126, 'Free Range Eggs'),
(0.50, 1, 1126, 'Atlantic Salmon'),
(2.57, 3, 77, 'Pasta Sauce'),
(31.08, 3, 77, 'Olive Oil'),
(23.24, 2, 1022, 'Almond Butter'),
(4.26, 2, 1022, 'Organic Blueberries'),
(7.02, 3, 1022, 'Mixed Greens'),
(2.84, 3, 626, 'Almond Butter'),
(21.89, 3, 626, 'Whole Milk'),
(0.50, 1, 626, 'Mixed Greens'),
(21.51, 3, 1142, 'Atlantic Salmon'),
(12.74, 2, 1142, 'Rotisserie Chicken'),
(8.57, 1, 1142, 'Atlantic Salmon'),
(15.80, 1, 1142, 'Organic Blueberries'),
(6.61, 2, 1410, 'Almond Butter'),
(14.24, 2, 1410, 'Organic Blueberries'),
(3.17, 3, 1410, 'Pasta Sauce'),
(10.40, 1, 1410, 'Sourdough Bread'),
(24.04, 1, 500, 'Mixed Greens'),
(12.43, 1, 500, 'Mixed Greens'),
(3.67, 2, 500, 'Greek Yogurt'),
(5.20, 3, 500, 'Organic Blueberries'),
(9.16, 1, 1407, 'Free Range Eggs'),
(12.20, 3, 1407, 'Greek Yogurt'),
(34.99, 1, 1407, 'Sourdough Bread'),
(10.82, 1, 138, 'Atlantic Salmon'),
(11.01, 2, 138, 'Rotisserie Chicken'),
(10.18, 3, 138, 'Pasta Sauce'),
(18.40, 1, 138, 'Greek Yogurt'),
(12.29, 2, 138, 'Rotisserie Chicken'),
(12.77, 3, 822, 'Rotisserie Chicken'),
(17.74, 2, 822, 'Pasta Sauce'),
(57.87, 2, 822, 'Pasta Sauce'),
(21.81, 1, 733, 'Sparkling Water'),
(11.02, 2, 733, 'Kombucha'),
(55.04, 2, 733, 'Greek Yogurt'),
(3.50, 1, 1216, 'Olive Oil'),
(13.01, 2, 1216, 'Mixed Greens'),
(19.66, 2, 1216, 'Free Range Eggs'),
(4.37, 3, 1216, 'Sourdough Bread'),
(19.89, 2, 1216, 'Mixed Greens'),
(12.60, 3, 549, 'Organic Blueberries'),
(12.59, 1, 549, 'Chicken Breast'),
(10.83, 2, 165, 'Free Range Eggs'),
(20.72, 1, 165, 'Greek Yogurt'),
(22.75, 2, 165, 'Chicken Breast'),
(17.24, 1, 965, 'Sparkling Water'),
(23.41, 3, 965, 'Rotisserie Chicken'),
(15.62, 1, 965, 'Olive Oil'),
(18.68, 2, 965, 'Pasta Sauce'),
(9.08, 1, 46, 'Pasta Sauce'),
(54.62, 1, 46, 'Whole Milk'),
(13.37, 2, 1124, 'Whole Milk'),
(103.51, 1, 1124, 'Atlantic Salmon'),
(22.77, 3, 332, 'Sourdough Bread'),
(1.10, 1, 332, 'Organic Bananas'),
(0.50, 3, 332, 'Pasta Sauce'),
(15.29, 3, 1431, 'Whole Milk'),
(1.27, 1, 1431, 'Almond Butter'),
(0.95, 2, 1431, 'Greek Yogurt'),
(0.50, 2, 1431, 'Organic Blueberries'),
(2.18, 3, 1495, 'Rotisserie Chicken'),
(17.76, 1, 1495, 'Whole Milk'),
(9.06, 2, 1495, 'Atlantic Salmon'),
(0.50, 1, 1495, 'Atlantic Salmon'),
(21.91, 2, 74, 'Mixed Greens'),
(16.67, 2, 74, 'Sparkling Water'),
(2.28, 3, 74, 'Whole Milk'),
(0.50, 2, 74, 'Whole Milk'),
(6.86, 3, 1089, 'Chicken Breast'),
(5.20, 2, 1089, 'Free Range Eggs'),
(21.32, 2, 1089, 'Whole Milk'),
(21.66, 2, 1089, 'Sourdough Bread'),
(0.50, 1, 1089, 'Sourdough Bread'),
(2.36, 3, 758, 'Rotisserie Chicken'),
(44.83, 3, 758, 'Olive Oil'),
(5.16, 1, 765, 'Sourdough Bread'),
(22.55, 2, 765, 'Chicken Breast'),
(6.14, 3, 765, 'Chicken Breast'),
(20.86, 3, 765, 'Chicken Breast'),
(28.60, 2, 765, 'Whole Milk'),
(15.91, 2, 740, 'Free Range Eggs'),
(7.45, 3, 740, 'Olive Oil'),
(41.01, 2, 740, 'Kombucha'),
(15.07, 1, 885, 'Atlantic Salmon'),
(13.12, 1, 885, 'Avocados'),
(10.25, 1, 885, 'Rotisserie Chicken'),
(5.96, 2, 885, 'Kombucha'),
(12.87, 1, 1523, 'Rotisserie Chicken'),
(14.27, 3, 1523, 'Rotisserie Chicken'),
(14.31, 2, 468, 'Atlantic Salmon'),
(6.18, 2, 468, 'Organic Bananas'),
(3.31, 3, 468, 'Olive Oil'),
(0.50, 2, 468, 'Chicken Breast'),
(2.81, 1, 62, 'Organic Blueberries'),
(20.06, 3, 62, 'Organic Blueberries'),
(3.76, 1, 62, 'Kombucha'),
(1.41, 3, 62, 'Free Range Eggs'),
(16.36, 3, 1221, 'Organic Blueberries'),
(32.05, 2, 1221, 'Organic Blueberries'),
(3.77, 3, 136, 'Sourdough Bread'),
(50.69, 2, 136, 'Kombucha'),
(21.73, 2, 876, 'Kombucha'),
(4.57, 3, 876, 'Organic Bananas'),
(28.06, 3, 876, 'Free Range Eggs'),
(20.58, 2, 630, 'Pasta Sauce'),
(3.68, 3, 630, 'Kombucha'),
(1.39, 3, 630, 'Free Range Eggs'),
(24.25, 1, 181, 'Greek Yogurt'),
(38.34, 2, 181, 'Sourdough Bread'),
(17.20, 1, 952, 'Whole Milk'),
(15.29, 1, 952, 'Free Range Eggs'),
(13.71, 1, 952, 'Avocados'),
(3.68, 1, 952, 'Mixed Greens'),
(8.16, 2, 952, 'Whole Milk'),
(23.81, 3, 734, 'Olive Oil'),
(-11.03, 2, 734, 'Sparkling Water'),
(0.47, 2, 734, 'Whole Milk'),
(0.50, 1, 734, 'Chicken Breast'),
(17.61, 2, 917, 'Pasta Sauce'),
(23.11, 1, 917, 'Atlantic Salmon'),
(16.04, 2, 917, 'Avocados'),
(24.80, 2, 917, 'Kombucha'),
(7.87, 1, 163, 'Kombucha'),
(19.78, 2, 163, 'Whole Milk'),
(17.12, 3, 163, 'Sparkling Water'),
(0.50, 3, 163, 'Almond Butter'),
(14.60, 2, 1478, 'Free Range Eggs'),
(2.14, 1, 1478, 'Organic Bananas'),
(3.08, 3, 1478, 'Mixed Greens'),
(5.72, 2, 1478, 'Pasta Sauce'),
(6.44, 2, 31, 'Organic Blueberries'),
(4.11, 3, 31, 'Organic Bananas'),
(14.24, 3, 31, 'Almond Butter'),
(21.70, 1, 203, 'Mixed Greens'),
(23.28, 2, 203, 'Sourdough Bread'),
(6.24, 3, 1251, 'Mixed Greens'),
(17.19, 2, 1251, 'Organic Blueberries'),
(20.17, 3, 1251, 'Rotisserie Chicken'),
(17.92, 2, 1170, 'Kombucha'),
(5.73, 2, 1170, 'Greek Yogurt'),
(19.87, 2, 1170, 'Rotisserie Chicken'),
(5.34, 2, 1170, 'Whole Milk'),
(4.70, 2, 1170, 'Atlantic Salmon'),
(3.60, 2, 325, 'Free Range Eggs'),
(11.03, 3, 325, 'Almond Butter'),
(5.31, 1, 325, 'Olive Oil'),
(48.14, 1, 325, 'Chicken Breast');

-- Spending goals for demo users
INSERT INTO Spending_goals (current_amount, target_amount, Month, user_id)
VALUES
(0, 500.00, 'January', 1),
(0, 480.00, 'June', 1),
(0, 550.00, 'December', 1),
(0, 280.00, 'September', 2),
(0, 250.00, 'March', 2),
(0, 650.00, 'November', 3),
(0, 700.00, 'December', 3),
(0, 450.00, 'February', 4),
(0, 500.00, 'October', 4),
(0, 350.00, 'April', 5),
(0, 400.00, 'July', 5),
(0, 380.00, 'November', 5);

-- Normalize subscription receipts to fixed monthly amounts and consistent billing dates
UPDATE Receipts SET total_amount = 185.00,
    date = STR_TO_DATE(CONCAT(YEAR(date), '-', MONTH(date), '-01'), '%Y-%m-%d')
WHERE store_id = 51;

UPDATE Receipts SET total_amount = 15.99,
    date = STR_TO_DATE(CONCAT(YEAR(date), '-', MONTH(date), '-05'), '%Y-%m-%d')
WHERE store_id = 53;

UPDATE Receipts SET total_amount = 70.00,
    date = STR_TO_DATE(CONCAT(YEAR(date), '-', MONTH(date), '-01'), '%Y-%m-%d')
WHERE store_id = 54;

UPDATE Receipts SET total_amount = 1050.00,
    date = STR_TO_DATE(CONCAT(YEAR(date), '-', MONTH(date), '-15'), '%Y-%m-%d')
WHERE store_id = 67;

UPDATE Receipts SET total_amount = 89.99,
    date = STR_TO_DATE(CONCAT(YEAR(date), '-', MONTH(date), '-03'), '%Y-%m-%d')
WHERE store_id = 68;

UPDATE Receipts SET total_amount = 95.00,
    date = STR_TO_DATE(CONCAT(YEAR(date), '-', MONTH(date), '-12'), '%Y-%m-%d')
WHERE store_id = 69;

UPDATE Receipts SET total_amount = 120.00,
    date = STR_TO_DATE(CONCAT(YEAR(date), '-', MONTH(date), '-20'), '%Y-%m-%d')
WHERE store_id = 70;

UPDATE Receipts SET total_amount = 215.00,
    date = STR_TO_DATE(CONCAT(YEAR(date), '-', MONTH(date), '-01'), '%Y-%m-%d')
WHERE store_id = 71;

SET FOREIGN_KEY_CHECKS = 1;
